coordenador id;nome;afiliacao;ref id;ref nome
3355338790654065;Veronica Teichrieb;Universidade Federal de Pernambuco, UFPE, Brasil.;4321649532287831;Verônica Teichrieb
7532050172035129;Judith Kelner;Universidade Federal de Pernambuco, UFPE, Brasil.;4321649532287831;Judith Kelner
0649930882307115;Francisco Carlos de Mattos Brito Oliveira;Universidade Estadual do Ceará, UECE, Brasil.;649930882307115;Francisco Carlos de Mattos Brito Oliveira
8901320181295016;Romero Tori;Universidade de São Paulo, USP, Brasil.;813823100105934;Romero Tori
4340581249924621;Rosa Monteiro Paulo;Universidade Estadual Paulista Júlio de Mesquita Filho, UNESP, Brasil.;4340581249924621;Rosa Monteiro Paulo
4794107935753176;Alvaro Joao Magalhaes de Queiroz;Universidade Federal de Juiz de Fora, UFJF, Brasil.;4794107935753176;Alvaro Joao Magalhaes de Queiroz
3767009717402045;Alexandre Cardoso;Universidade Federal de Uberlândia, UFU, Brasil.;3767009717402045;Alexandre Cardoso
9801031941805250;Alcimar Barbosa Soares;Universidade Federal de Uberlândia, UFU, Brasil.;9801031941805250;Alcimar Barbosa Soares
4006878042502781;Andre Schneider de Oliveira;Universidade Tecnológica Federal do Paraná, UTFPR, Brasil.;4006878042502781;Andre Schneider de Oliveira
4791589931798048;Esteban Walter Gonzalez Clua;Universidade Federal Fluminense, UFF, Brasil.;4791589931798048;Esteban Walter Gonzalez Clua
3191129244573056;Sandro Roberto Fernandes;Instituto Federal do Sudeste de Minas Gerais, IF SUDESTE MG, Brasil.;3191129244573056;Sandro Roberto Fernandes
0584425766553916;Giovanna Graziosi Casimiro;Laboratório de Arte contemporanea, Tecnolodia e Mídias Digitias, LABART, Brasil.;584425766553916;Giovanna Graziosi Casimiro
6001559184049370;Mirella de Medeiros Misi;Universidade Federal da Bahia, UFBA, Brasil.;6001559184049370;Mirella de Medeiros Misi
3827444548540732;Adilson Vahldick;Universidade do Estado de Santa Catarina, UDESC\CEAVI, Brasil.;3827444548540732;Adilson Vahldick
0110284367744326;Edson Roberto Minatel;Ablevision Sistemas Computacionais Ltda, ABLEVISION, Brasil.;9844015070032232;Edson Minatel
0992498795960159;Eunice Pereira dos Santos Nunes;Universidade Aberta do Brasil, UAB, Brasil.;8064558616443413;Eunice Pereira dos Santos Nunes
4186515742605446;Victor Hugo Costa de Albuquerque;Universidade Federal do Ceará, UFC, Brasil.;4186515742605446;Victor Hugo Costa de Albuquerque
0116830050245232;Paulo Roberto Boa Sorte Silva;Universidade Federal de Sergipe, UFS, Brasil.;116830050245232;Paulo Roberto Boa Sorte Silva
5458829100371043;Regina Coeli Ruschel;Universidade Estadual de Campinas, UNICAMP, Brasil.;409865244128616;Regina Coeli Ruschel
4465619366143200;Mylene Christine Queiroz de Farias;Universidade de Brasília, UnB, Brasil.;4465619366143200;Mylene Christine Queiroz de Farias
2259041691301555;Marcelo da Silva Hounsell;Universidade do Estado de Santa Catarina, UDESC, Brasil.;48790978449306;Marcelo da Silva Hounsell
6620664028434195;Luis Fernando Soares;Universidade Federal de São João Del-Rei, UFSJ, Brasil.;4611623889620565;Luis Fernando Soares
2413369452452350;Liz Carmem Silva-Pereira;Instituto Federal de Educação, Ciência e Tecnologia do Pará, Campus Itaitub, IFPA, Brasil.;2413369452452350;Liz Carmem Silva-Pereira
1584574231456379;Breno Maciel Souza Reis;Universidade Federal do Rio Grande do Sul, UFRGS, Brasil.;1584574231456379;Breno Maciel Souza Reis
3860172079417937;Adriane Borda Almeida da Silva;Universidade Federal de Pelotas, UFPEL, Brasil.;7229833456758124;Adriane Borda Almeida da SIlva
6495915655298176;Adriana Gomes Alves;Universidade do Vale do Itajaí, UNIVALI, Brasil.;6495915655298176;Adriana Gomes Alves
3196052576107598;Saul Emanuel Delabrida Silva;University of South Australia, UNISA, Austrália.;3196052576107598;Saul Emanuel Delabrida Silva
6817254319412151;Polise Moreira De Marchi;Fundação Armando Álvares Penteado, FAAP, Brasil.;6817254319412151;Polise Moreira De Marchi
6919473605146182;Fabio Pinto da Silva;Universidade Federal do Rio Grande do Sul, UFRGS, Brasil.;6919473605146182;Fabio Pinto da Silva
5734518155680206;Mariana Pohlmann de Oliveira;Universidade Federal do Rio Grande do Sul, UFRGS, Brasil.;6919473605146182;Mariana Pohlmann de Oliveira
2746290295878975;Kate Mamhy Oliveira Kumada;Universidade Federal do ABC, UFABC, Brasil.;2746290295878975;Kate Mamhy Oliveira
5123696681613759;Tania Rossi Garbin;Universidade Federal de Ouro Preto, UFOP, Brasil.;8362852284802251;Tânia Rossi Garbin
2343273642042806;Márcia Regina de Freitas;UNESP Guaratinguetá, FEG, Brasil.;2343273642042806;Márcia Regina de Freitas
5391034042353187;Eliane Schlemmer;Universidade Aberta de Portugal, UAB-PORTUGAL, Portugal.;1572779834379796;Eliane Schlemmer
3381049256541106;Marcelo Gitirana Gomes Ferreira;Universidade do Vale do Itajaí, UNIVALI, Brasil.;3381049256541106;Marcelo Gitirana Gomes Ferreira
2125238602476950;Simone Keller Füchter;Faculdade Estacio de Sa, ESTACIO, Brasil.;2125238602476950;Simone Keller Füchter
1744732999336375;Windson Viana de Carvalho;Universidade Federal do Ceará, UFC, Brasil.;1744732999336375;Windson Viana de Carvalho
0453892715674953;Flávio de Barros Vidal;Universidade de Brasília, UnB, Brasil.;453892715674953;Flávio de Barros Vidal
8243001226255815;Pablo Alexandre Gobira de Souza Ricardo;Universidade do Estado de Minas Gerais, UEMG, Brasil.;8243001226255815;Pablo Alexandre Gobira de Souza Ricardo
9999217523842385;Eliane Pozzebon;Universidade Federal de Santa Catarina, UFSC, Brasil.;9999217523842385;Eliane Pozzebon
8655724197142007;Josete Mazon;Universidade Federal de Santa Catarina, UFSC, Brasil.;9999217523842385;Josete Mazon
0326014908040698;Renata Lacerda Caldas;Instituto Federal Fluminense, IFF, Brasil.;326014908040698;Renata Lacerda Caldas
0141389002346917;Rejane Caetano Augusto Cantoni;Programa de Posgrado Online en Artes Mediales, PPOAM, Argentina.;141389002346917;Rejane Caetano Augusto Cantoni
1882712230914196;Antonio Carlos Sementille;Universidade Estadual Paulista Júlio de Mesquita Filho, UNESP, Brasil.;8626964624628522;Antonio Carlos Sementille
3554024776201116;Liliane da Silva Coelho Jacon;Universidade Federal de Rondônia, UNIR, Brasil.;3554024776201116;Liliane da Silva Coelho Jacon
6165964080419504;Josyanne Pinto Giesta;Instituto Federal de Educação, Ciência e Tecnologia do Rio Grande do Norte, IFRN, Brasil.;6165964080419504;Josyanne Pinto Giesta
8487981600635230;Cesar Reis;Universidade Federal de Viçosa, UFV, Brasil.;152834093913136;César Reis
1553616454067748;César Imai;Universidade Estadual de Londrina, UEL, Brasil.;4778641486908033;CÉSAR IMAI
7143571029793493;Stephanie Kamarry Alves de Sousa;Instituto Federal de Sergipe, IFS, Brasil.;7143571029793493;Stephanie Kamarry Alves de Sousa
5515322256604194;Marcio Augusto Reolon Schmidt;Universidade Federal de Uberlândia, UFU, Brasil.;5515322256604194;Marcio Augusto Reolon Schmidt
5752128941340564;Edgar Roberto Kirchof;Universidade Luterana do Brasil, ULBRA, Brasil.;5752128941340564;Edgar Roberto Kirchof
7887916265742855;Glaucia Nolasco de Almeida Mello;Pontifícia Universidade Católica de Minas Gerais, PUC Minas, Brasil.;7887916265742855;Glaucia Nolasco de Almeida Mello
6813786273390182;Tales Nereu Bogoni;Universidade Estadual de Mato Grosso, UNEMAT, Brasil.;3010497094377497;Tales Nereu Bogoni
9405118016902400;Edna de Mello Silva;Universidade Federal de São Paulo, UNIFESP, Brasil.;9405118016902400;Edna de Mello Silva
5998752909180697;Alyson de Jesus dos Santos;Instituto Federal de Educação, Ciência e Tecnologia do Amazonas, IFAM, Brasil.;5998752909180697;Alyson de Jesus dos Santos
3122373875381348;Larissa Cristina Cruz Brum;Instituto Federal Fluminense, IFF, Brasil.;3122373875381348;Larissa Cristina Cruz Brum
4226175401428037;Mônica Rocha Ferreira de Oliveira;Universidade do Estado de Minas Gerais, UEMG, Brasil.;4226175401428037;Mônica Rocha Ferreira de Oliveira
1934903225521860;Francisco Madeiro Bernardino Junior;Universidade Católica de Pernambuco, UNICAP, Brasil.;1934903225521860;Francisco Madeiro Bernardino Junior
0148962230603842;Marcus Vinícius Liessem Fontana;Universidade Federal da Fronteira Sul, UFFS, Brasil.;148962230603842;Marcus Vinícius Liessem Fontana
2087785677186785;Isabel Dillmann Nunes;Universidade Federal do Rio Grande do Norte, UFRN, Brasil.;2087785677186785;Isabel Dillmann Nunes
4394162331037750;Alberto Barbosa Raposo;Pontifícia Universidade Católica do Rio de Janeiro, PUC-Rio, Brasil.;4394162331037750;Alberto Barbosa Raposo
3309342336039521;Ney Laert Vilar Calazans;Conselho Nacional de Desenvolvimento Científico e Tecnológico, CNPq, Brasil.;4394162331037750;Ney Calazans
1900481113982922;Raphael Pereira de Oliveira;Universidade Federal de Sergipe, UFS, Brasil.;1900481113982922;Raphael Pereira de Oliveira
0555490225765351;Sergio da Costa Nunes;Instituto Federal de Educação Ciência e Tecnologia Sul-rio-grandense, IFSUL, Brasil.;555490225765351;Sergio da Costa Nunes
9202801399600456;Jorge Antonio Silva Centeno;Universidade Federal do Paraná, UFPR, Brasil.;9202801399600456;Jorge Antonio Silva Centeno
8795066026611788;Maurício José Laguardia Campomori;Universidade Federal de Minas Gerais, UFMG, Brasil.;8795066026611788;Maurício José Laguardia Campomori
8933624812566216;Ingrid Winkler;SENAI - Departamento Regional da Bahia, SENAI/DR/BA, Brasil.;5034444360451621;Ingrid Winkler
9756167788721062;Nelson Cruz Sampaio Neto;Universidade Federal do Pará, UFPA, Brasil.;9756167788721062;Nelson Cruz Sampaio Neto
9163421021115381;Maria Cristiane Barbosa Galvão;Universidade de São Paulo, USP, Brasil.;9163421021115381;Maria Cristiane Barbosa Galvão
0159010164759435;Marcelo Almeida Bairral;Universidade Federal Rural do Rio de Janeiro, UFRRJ, Brasil.;4340581249924621;Marcelo Almeida Bairral
4313837720967509;Renato Francisco Merli;Universidade Tecnológica Federal do Paraná, UTFPR, Brasil.;4313837720967509;Renato Francisco Merli
2029488267292298;Breno de Paula Andrade Cruz;Universidade Federal do Rio de Janeiro, UFRJ, Brasil.;2029488267292298;Breno de Paula Andrade Cruz
2479982770095588;Daniel de Carvalho Moreira;Universidade Estadual de Campinas, UNICAMP, Brasil.;2479982770095588;Daniel de Carvalho Moreira
9719247117370600;Claudia Maria Lima Werner;Universidade Federal do Rio de Janeiro, UFRJ, Brasil.;9719247117370600;Claudia Maria Lima Werner
6162308583288053;Rosângela Alves Pereira;Universidade Federal do Rio de Janeiro, UFRJ, Brasil.;9719247117370600;Rosangela Alves Pereira
8479082398514293;Marcelo Becker;Escola de Engenharia de São Carlos Universidade de São Paulo, EESC - USP, Brasil.;8479082398514293;Marcelo Becker
8630348977498378;Felipe Barreto Campelo Cruz;Universidade Tecnológica Federal do Paraná, UTFPR, Brasil.;8630348977498378;Felipe Barreto Campelo Cruz
0277705848688464;Claudio Kirner;Universidade Federal de Itajubá, UNIFEI, Brasil.;277705848688464;Claudio Kirner
4019150313777291;Paulo Eigi Miyagi;Instituto de Pesquisas Tecnológicas do Estado de São Paulo, IPT, Brasil.;4185679659611455;Paulo Eigi Miyagi
4185679659611455;Jun Okamoto Junior;Universidade de São Paulo, USP, Brasil.;4185679659611455;Jun Okamoto Junior
0521761025000380;Cléber Gimenez Corrêa;Universidade Tecnológica Federal do Paraná, UTFPR, Brasil.;521761025000380;Cléber Gimenez Corrêa
8718817544368644;Fabio de Souza Alves;Instituto Federal de Santa Catarina, IFSC, Brasil.;8718817544368644;Fabio de Souza Alves
1592443578418038;Rosangela da Silva Leote;Universidade Estadual Paulista Júlio de Mesquita Filho, UNESP, Brasil.;1592443578418038;Rosangela da Silva Leote
0878410768350416;Liane Margarida Rockenbach Tarouco;Universidade Federal do Rio Grande do Sul, UFRGS, Brasil.;878410768350416;Liane Margarida Rockenbach Tarouco
0412919715126909;Fernando Selleri Silva;Universidade do Estado de Mato Grosso, UNEMAT, Brasil.;412919715126909;Fernando Selleri Silva
7514305376858192;Luciano Silva;Universidade Cruzeiro do Sul, UNICSUL, Brasil.;7514305376858192;Luciano Silva
5925784315354434;Clicéres Mack Dal Bianco;Universidade Regional Integrada do Alto Uruguai e das Missões, URI, Brasil.;5925784315354434;Clicéres Mack Dal Bianco
9911012866860858;Filipe Pereira Mesquita dos Santos;Instituto Federal de Educação, Ciência e Tecnologia do Rio de Janeiro, IFRJ, Brasil.;9911012866860858;Filipe Pereira Mesquita dos Santos
0194528219787423;Rosaria Ono;Universidade de São Paulo, USP, Brasil.;8516604648327493;Rosaria Ono
5057165446370629;Heliana Bezerra Soares;Universidade Federal do Rio Grande do Norte, UFRN, Brasil.;4440595486888973;Heliana Bezerra Soares
4731132112733505;Adinovan Henriques de Macedo Pimenta;Centro Universitário Adventista de São Paulo, UNASP, Brasil.;4731132112733505;Adinovan Henriques de Macedo Pimenta
4571544548251124;Victor Gonçalves Gloria Freitas;S B I, UCAM, Brasil.;4571544548251124;Victor Gonçalves Gloria Freitas
0618509402775224;Márcio Minto Fabricio;Universidade de São Paulo, USP, Brasil.;3684061144624450;Márcio Minto Fabrício
0271672292477578;Marcelo Knörich Zuffo;Universidade de São Paulo, USP, Brasil.;1562357566810393;Marcelo Knorich Zuffo
1402289786010170;Antônio Pereira Júnior;Universidade Federal do Pará, UFPA, Brasil.;1402289786010170;Antônio Pereira Júnior
2704085730058906;Ana Lúcia Nogueira de Camargo Harris;Universidade Estadual de Campinas, UNICAMP, Brasil.;2704085730058906;Ana Lúcia Nogueira de Camargo Harris
5938003791536092;Rosinei Batista Ribeiro;Centro Universitário Teresa D' Ávila, UNIFATEA, Brasil.;5938003791536092;Rosinei Batista Ribeiro
9016360553400035;Maria Lencastre Pinheiro de Menezes Cruz;Universidade de Pernambuco, UPE, Brasil.;9016360553400035;Maria Lencastre Pinheiro de Menezes Cruz
6602202569381703;Luciano Denardin de Oliveira;Pontifícia Universidade Católica do Rio Grande do Sul, PUCRS, Brasil.;6602202569381703;Luciano Denardin de Oliveira
9907691146700229;Márcio Antônio Duarte;Universidade Federal de Goiás, UFG, Brasil.;9907691146700229;Márcio Antônio Duarte
1538338871689655;Cláudio Rosito Jung;Universidade Federal do Rio Grande do Sul, UFRGS, Brasil.;1538338871689655;Cláudio Rosito Jung
8057011287660102;Maria Alice Grigas Varella Ferreira;Universidade de São Paulo, USP, Brasil.;8057011287660102;Maria Alice Grigas Varella Ferreira
4754106250302979;Daniel Lima Gomes Júnior;Instituto Federal do Maranhão, IFMA, Brasil.;4754106250302979;Daniel Lima Gomes Júnior
1520994716359117;Ivana Marcia Oliveira Maia;(CNPq) Conselho Nacional de Desenvolvimento Científico e Tecnológico.;4754106250302979;IVANA MÁRCIA  OLIVEIRA MAIA
1974791787566027;Mauricio Marengoni;Universidade Presbiteriana Mackenzie, MACKENZIE, Brasil.;1974791787566027;Mauricio Marengoni
0346488880579660;Nivea Gabriela Benevides de Albuquerque;Universidade Federal do Pará, UFPA, Brasil.;346488880579660;Nivea Gabriela Benevides de Albuquerque
1734032782594771;Hugo Fuks;Pontifícia Universidade Católica do Rio de Janeiro, PUC-Rio, Brasil.;1734032782594771;Hugo Fuks
1916245590298485;João Paulo Silva do Monte Lima;Universidade Federal Rural de Pernambuco, UFRPE, Brasil.;8817591964244237;João Paulo Lima
7259733398888112;Valéria Ilsa Rosa;Fundação Universidade Regional de Blumenau, FURB, Brasil.;7259733398888112;Valéria Ilsa Rosa
8974163389393254;Celina Figueiredo Lage;Universidade do Estado de Minas Gerais, UEMG, Brasil.;8974163389393254;Celina Figueiredo Lage
5450557733379720;Eduardo Lázaro Martins Naves;Universidade Federal de Uberlândia, UFU, Brasil.;5870097378411046;Eduardo Lázaro M Naves
8205284377032041;Carina Marconi Germer;Universidade Federal de Pernambuco, UFPE, Brasil.;6413917211782026;Carina Marconi Germer
3776300004312848;Djamel Fawzi Hadj Sadok;Conselho Nacional de Desenvolvimento Científico e Tecnológico, CNPq, Brasil.;3776300004312848;Djamel Fawzi Hadj Sadok
2142163449017349;Doris Catharine Cornelie Knatz Kowaltowski;FEC, UNICAMP, Brasil.;3977567032725249;Doris C C K Kowaltowski
6764226783548215;Cecília Félix Andrade Silva;Instituto Federal  Minas Gerais, IFMG, Brasil.;374012247711818;Cecilia Felix Andrade Silva
8158865847990189;Paulo Raimundo Pinto;Instituto Tecnológico Vale, ITV, Brasil.;374012247711818;Paulo Raimundo Pinto
1722113830390578;Débora Aita Gasparetto;Universidade Federal de Santa Maria, UFSM, Brasil.;1722113830390578;Débora Aita Gasparetto
3032638002357978;Bianchi Serique Meiguins;Universidade Federal do Pará, UFPA, Brasil.;5586729353238501;Bianchi Serique Meiguins
7949216376138752;Fabio Britto de Carvalho Almeida;SENAI-CIMATEC, CIMATEC, Brasil.;7949216376138752;Fabio Britto de Carvalho Almeida
9369447081315501;Frederico da Silva Reis;Universidade Federal de Ouro Preto, UFOP, Brasil.;9369447081315501;Frederico da Silva Reis
9109602812218258;Nivaldi Calonego Junior;Universidade do Estado de Mato Grosso, UNEMAT, Brasil.;9109602812218258;Nivaldi Calonego Junior
4258800700795106;Ana Paula Piovesan Melchiori;Universidade Federal de Lavras, UFLA, Brasil.;3393043381118573;Ana Paula Piovesan Melchiori
9346178640224901;Luciene Cavalcanti Rodrigues;Instituto Federal de São Paulo, IFSP, Brasil.;9346178640224901;Luciene Cavalcanti Rodrigues
8801732223393153;Xisto Serafim de Santana de Souza Júnior;Conselho Nacional de Desenvolvimento Científico e Tecnológico, CNPq, Brasil.;8801732223393153;Xisto Serafim de Santana de Souza Júnior
1478736054440106;Alessandra Lopes Carvalho;Pontifícia Universidade Católica de Minas Gerais, PUC Minas, Brasil.;1478736054440106;Alessandra Lopes Carvalho
62949670854701136294967085470113;Luiz Cláudio Machado dos Santos;Universidade do Estado da Bahia, UNEB, Brasil.;6294967085470113;Luiz Cláudio Machado dos Santos
9894979508465212;Guilherme Henrique Barros de Souza;Universidade Estadual Paulista Júlio de Mesquita Filho, UNESP, Brasil.;9894979508465212;Guilherme Henrique Barros de Souza
1095395084173623;Fernando Firmino da Silva;Universidade Estadual da Paraíba, UEPB, Brasil.;1095395084173623;Fernando Firmino da Silva
7757325848359241;Edmilson Barbalho Campos Neto;Instituto Federal de Educação, Ciência e Tecnologia do Rio Grande do Norte, IFRN, Brasil.;7757325848359241;Edmilson Barbalho Campos Neto
7830251697546483;Fabrício Herpich;Universidade Federal do Rio Grande do Sul, UFRGS, Brasil.;7830251697546483;Fabrício Herpich
6482186733034818;Sandro Canavezzi de Abreu;Universidade Federal de Minas Gerais, UFMG, Brasil.;6482186733034818;Sandro Canavezzi de Abreu
5870097378411046;Júnior Edgard Lamounier;Universidade Federal de Uberlândia, UFU, Brasil.;1229329519982110;Edgard Lamounier
9637121030877187;Cristiano André da Costa;Universidade do Vale do Rio dos Sinos, UNISINOS, Brasil.;3914159735707328;Cristiano André da Costa
5021830666471504;Mayara Lustosa de Oliveira Barbosa;Instituto Federal de Brasília, IFB, Brasil.;5021830666471504;Mayara Lustosa de Oliveira Barbosa
9306302347633373;Emerson de Sousa Costa;Centro Federal de Educação Tecnológica de Minas Gerais, CEFET/MG, Brasil.;9306302347633373;Emerson de Sousa Costa
9459123297426461;André Fagundes Pase;Pontifícia Universidade Católica do Rio Grande do Sul, PUCRS, Brasil.;9459123297426461;André Fagundes Pase
7286663892055106;Maria Aparecida Alves de Cerqueira Luz;Faculdade de Odontologia da Universidade de São Paulo, FOUSP, Brasil.;7286663892055106;Maria Aparecida Alves de Cerqueira Luz
1233049484488761;Joao Fernando Marar;Universidade Estadual Paulista Júlio de Mesquita Filho, UNESP, Brasil.;1882712230914196;João Fernando Marar
9138713186222689;Diane Belusso;INSTITUTO FEDERAL DO PARANA, IFPR, Brasil.;9138713186222689;Diane Belusso
0987947348533817;Luciana de Oliveira Berretta;Universidade Federal de Goiás, UFG, Brasil.;7206645857721831;Luciana de Oliveira Berretta
9375430645513797;Agrinaldo Jacinto do Nascimento Junior;Instituto Federal de Brasília, IFB, Brasil.;9375430645513797;Agrinaldo Jacinto do Nascimento Junior
4566977125542380;Josiane Medina Papst;Universidade Estadual de Londrina, UEL, Brasil.;4566977125542380;Josiane Medina Papst
8886697697917438;Carla Viana Coscarelli;Universidade Federal de Minas Gerais, UFMG, Brasil.;8886697697917438;Carla Viana Coscarelli
3683706649252319;Ezequiel Roberto Zorzal;Universidade Federal de São Paulo, UNIFESP, Brasil.;3683706649252319;Ezequiel Roberto Zorzal
0305629481310082;André Falcão Durão;Universidade Federal de Pernambuco, UFPE, Brasil.;305629481310082;André Falcão Durão
0543232182796499;Sandro César Silveira Jucá;Instituto Federal do Ceará, IFCE, Brasil.;543232182796499;Sandro César Silveira Jucá
3932830667802188;Felipe Jonathan da Silva Bispo;Universidade Federal do Rio de Janeiro, UFRJ, Brasil.;543232182796499;Jonathan Felipe da Silva
4134919454057451;Fabiana Frata Furlan Peres;Universidade Estadual do Oeste do Paraná, UNIOESTE, Brasil.;4134919454057451;Fabiana Frata Furlan Peres
8205501453013894;Marcos Wagner de Souza Ribeiro;Universidade Federal de Jataí, UFJ, Brasil.;987947348533817;Marcos Wagner de Souza Ribeiro
4892345821929149;Patricia Kayser Vargas Mangan;Universidade La Salle - Canoas, UNILASALLE, Brasil.;4892345821929149;Patricia Kayser Vargas Mangan
1292601001838768;Leiva Casemiro Oliveira;Universidade Federal Rural do Semi-Árido, UFERSA, Brasil.;1292601001838768;Leiva Casemiro Oliveira
5043080196932200;Diana Maria Gallicchio Domingues;Universidade de Brasília, UnB, Brasil.;5043080196932200;Diana Maria Gallicchio Domingues
6864702691556027;Lúcio Paulo do Amaral Crivano Machado;Universidade do Estado do Rio de Janeiro, UERJ, Brasil.;6864702691556027;Lúcio Paulo do Amaral Crivano Machado
5206162448542942;Rosane Moreira Silva de Meirelles;Fundação Oswaldo Cruz, FIOCRUZ, Brasil.;6864702691556027;Rosane Meirelles
4649814099154237;Raquel Ritter Longhi;Universidade Federal de Santa Catarina, UFSC, Brasil.;4649814099154237;Raquel Ritter Longhi
8402249648328903;Joice Basílio Machado Marques;Instituto Federal de São Paulo, IFSP, Brasil.;8402249648328903;Joice Basílio Machado Marques
9724832203454429;Maria Lucia Leite Ribeiro Okimoto;Universidade Federal do Paraná, UFPR, Brasil.;9724832203454429;Maria Lucia Leite Ribeiro Okimoto
3483462003007835;Rafael de Moura Speroni;Instituto Federal Catarinense, IF-Catarinense, Brasil.;3483462003007835;Rafael de Moura Speroni
0501764855693100;Sandra Dutra Piovesan;Universidade Federal do Pampa, UNIPAMPA, Brasil.;501764855693100;Sandra Dutra Piovesan
7243757837987821;Andréia Machado Oliveira;Universidade Federal de Santa Maria, UFSM, Brasil.;7243757837987821;Andréia Machado Oliveira
8840903885852886;Angela Maria Chuvas Naschold;Universidade Federal do Rio Grande do Norte, UFRN, Brasil.;8840903885852886;Angela Maria Chuvas Naschold
3802040243557689;Alexandre Hering Coelho;Universidade Federal de Santa Catarina, UFSC, Brasil.;3802040243557689;Alexandre Hering Coelho
4162291555771478;Marcelo Vera Cruz Diniz;Instituto Federal da Bahia, IFBA, Brasil.;4162291555771478;Marcelo Vera Cruz Diniz
2646104845996419;Teófilo Augusto da Silva;Universidade Federal do Sul e Sudeste do Pará, UNIFESSPA, Brasil.;2646104845996419;Teófilo Augusto da Silva
1868960602254610;Rummenigge Rudson Dantas;Universidade Federal do Rio Grande do Norte, UFRN, Brasil.;1868960602254610;Rummenigge Rudson Dantas
7565187316136027;Rodrigo Martins de Oliveira Spinosa;Universidade Estadual de Londrina, UEL, Brasil.;7565187316136027;Rodrigo Martins de Oliveira Spinosa
0463363430536002;Davi Guimarães da Silva;Instituto Federal de Educação, Ciência e Tecnologia do Pará, IFPA, Brasil.;463363430536002;Davi Guimarães da Silva
7206887618857384;Carla Maria Furuno Rimkus;Universidade Federal de Sergipe, UFS, Brasil.;7206887618857384;Carla Maria Furuno Rimkus
8592300724397366;Carlos Eduardo Oliveira Andrade;Centro Federal de Educação Tecnológica de Minas Gerais, CEFET/MG, Brasil.;8592300724397366;Carlos Eduardo Oliveira Andrade
6878718102770367;Rodrigo Luis de Souza da Silva;Universidade Federal de Juiz de Fora, UFJF, Brasil.;6878718102770367;Rodrigo Luis de Souza da Silva
2847901878340953;Antonio Lopes Apolinario Junior;Universidade Federal da Bahia, UFBA, Brasil.;6878718102770367;Antonio Lopes Apolinário Junior
8226406163217491;Roberto dos Santos Bartholo Junior;Universidade Federal do Rio de Janeiro, UFRJ, Brasil.;5399173621955960;Roberto dos Santos Bartholo Jr.
3284179037499048;Antonio Carlos dos Santos Souza;Instituto Federal da Bahia, IFBA, Brasil.;3284179037499048;Antonio Carlos dos Santos Souza
0170862557823567;Maurício Rosa;Universidade Federal do Rio Grande do Sul, UFRGS, Brasil.;170862557823567;Maurício Rosa
9261035835015495;Patrícia Fernanda da Silva;Universidade Federal do Rio Grande do Sul, UFRGS, Brasil.;9261035835015495;Patrícia Fernanda da Silva
4607042780750206;Aléxia Pádua Franco;Faculdade de Educação da Universidade Federal de Uberlândia, FACED UFU, Brasil.;4607042780750206;Aléxia Pádua Franco
4339989455841703;André Luis Marques da Silveira;Pontifícia Universidade Católica do Rio Grande do Sul, PUCRS, Brasil.;4339989455841703;André Luis Marques da Silveira
7909125807301431;Fabiano Utiyama;INSTITUTO FEDERAL DO PARANA, IFPR, Brasil.;7909125807301431;Fabiano Utiyama
7835935043066010;Eloisa Dezen Kempter;Universidade Estadual de Campinas, UNICAMP, Brasil.;7835935043066010;Eloisa Dezen Kempter
7221692456270122;Isabel Cristina Siqueira da Silva;Fundação Universidade Federal de Ciências da Saúde de Porto Alegre, UFCSPA, Brasil.;7221692456270122;Isabel Cristina Siqueira da Silva
1377022547816780;Diego Gervasio Frías Suárez;Universidade do Estado da Bahia, UNEB, Brasil.;6747210702910392;Diego Gervasio Frías Suárez
1562357566810393;Luiz Marcos Garcia Goncalves;Universidade Federal do Rio Grande do Norte, UFRN, Brasil.;4903908392101557;Luiz Marcos Garcia Gonçalves
0319800678858096;Marco Antonio Costa Simões;Universidade do Estado da Bahia, UNEB, Brasil.;325157122452319;Marco Antonio Costa Simões
8258852785816571;Yara Rondon Guasque Araujo;Universidade do Estado de Santa Catarina, UDESC, Brasil.;8258852785816571;Yara Rondon Guasque Araujo
6614550860293610;Guido Lemos de Souza Filho;Secretaria de Ciência e Tecnologia de João Pessoa, SECITEC, Brasil.;6614550860293610;Guido Lemos de Souza Filho
2227324756659206;Frederico Menine Schaf;Universidade Federal de Santa Maria, UFSM, Brasil.;2227324756659206;Frederico Menine Schaf
4274277189418426;Elisa Henning;Universidade do Estado de Santa Catarina, UDESC, Brasil.;4274277189418426;Elisa Henning
4284493226597009;Giselle Martins Venancio;Universidade Federal Fluminense, UFF, Brasil.;2482007463791395;Venancio, Giselle Martins
6965119196945931;Alessandro de Lima Bicho;Universidade Federal do Rio Grande, FURG, Brasil.;6965119196945931;Alessandro de Lima Bicho
4282224955491397;Daniela Gorski Trevisan;Universidade Federal Fluminense, UFF, Brasil.;4282224955491397;Daniela Gorski Trevisan
0429575742156021;Ines Maria Silva Maciel;Universidade Federal do Rio de Janeiro, UFRJ, Brasil.;429575742156021;Ines Maria Silva Maciel
0956823002875182;Rodolfo Pinto da Luz;Centro Universitário Euro-Americano, UNIEURO, Brasil.;1728783224542391;Rodolfo Pinto da Luz
7541399131195077;Raul Sidnei Wazlawick;Universidade Federal de Santa Catarina, UFSC, Brasil.;6186413528999908;Raul Sidnei Wazlawick
9944681520075532;Jose dos Santos Cabral Filho;Universidade Federal de Minas Gerais, UFMG, Brasil.;9944681520075532;Jose dos Santos Cabral Filho
8529032048850930;João Luiz Bernardes Júnior;Universidade de São Paulo, USP, Brasil.;8529032048850930;João Luiz Bernardes Júnior
7335283291788181;Clóvis de Arruda Martins;Universidade de São Paulo, USP, Brasil.;8529032048850930;Clóvis de Arruda Martins
0883301163870314;Alvaro Jose Rodrigues de Lima;Universidade Federal do Rio de Janeiro, UFRJ, Brasil.;883301163870314;Alvaro Jose Rodrigues de Lima
4877438997744133;Marcio Teixeira-Bastos;University of Münster, WWU MÜNSTER, Alemanha.;4877438997744133;Marcio Teixeira-Bastos
4093653182381054;Carla Maria Dal Sasso Freitas;Universidade Federal do Rio Grande do Sul, UFRGS, Brasil.;4093653182381054;Carla Maria Dal Sasso Freitas
5632602851077460;Isis Didier Lins;Universidade Federal de Pernambuco, UFPE, Brasil.;5632602851077460;Isis Didier Lins
7954579511036422;Francisco dos Santos Rebelo;Faculdade de Arquitetura da Universidade Técnica de Lisboa, FA-UTL, Portugal.;2927011145636179;Francisco dos Santos Rebelo
6712094636172729;José Eduardo Pompeu;Universidade de São Paulo, USP, Brasil.;683836610965593;José Eduardo Pompeu
9576713124661835;Rossana Maria de Castro Andrade;Universidade Federal do Ceará, UFC, Brasil.;5641112041037627;Rossana Maria de Castro Andrade
1049090105081864;Noêmia Lazzareschi;Pontifícia Universidade Católica de São Paulo, PUC/SP, Brasil.;1049090105081864;Noêmia Lazzareschi
0260303520888425;Bruno Bogaz Zarpelão;Universidade Estadual de Londrina, UEL, Brasil.;260303520888425;Bruno Bogaz Zarpelão
4512074340599645;Umberto Celli Junior;Faculdade de Direito de Ribeirão Preto- USP, FDRP, Brasil.;4512074340599645;Umberto Celli Junior
2491891766759477;Carlos José Pereira de Lucena;Pontifícia Universidade Católica do Rio de Janeiro, PUC-Rio, Brasil.;2491891766759477;Carlos José Pereira de Lucena
1426401706315442;Otto Carlos Muniz Bandeira Duarte;Universidade Federal do Rio de Janeiro, UFRJ, Brasil.;6534637358360971;Otto Carlos Muniz Bandeira Duarte
7652960701727650;Reymard Savio Sampaio de Melo;Universidade Federal da Bahia, UFBA, Brasil.;7652960701727650;Reymard Savio Sampaio de Melo
2869923054936837;Luis Hernan Contreras Pinochet;Universidade Federal de São Paulo, UNIFESP, Brasil.;2869923054936837;Luis Hernan Contreras Pinochet
5485189907016634;Jorge Renato de Souza Verschoore Filho;Universidade do Vale do Rio dos Sinos, UNISINOS, Brasil.;5485189907016634;Jorge Renato de Souza Verschoore Filho
7302726381067992;Bernardo Machado David;IT University of Copenhagen, ITU, Dinamarca.;7302726381067992;Bernardo Machado David
3696299629938135;Miriam Christi Midori Oishi Nemoto;Universidade Federal de São Paulo, UNIFESP, Brasil.;3696299629938135;Miriam Christi Midori Oishi Nemoto
5486578243421803;Ricardo Augusto Rabelo Oliveira;Universidade Federal de Ouro Preto, UFOP, Brasil.;5486578243421803;Ricardo Augusto Rabelo Oliveira
7269686606912444;Marcelo Duduchi Feitosa;Centro Estadual de Educação Tecnológica Paula Souza, CEETEPS, Brasil.;8463651002688096;Marcelo Duduchi Feitosa
6874544707185541;Marcos Antonio Simplicio Junior;Universidade de São Paulo, USP, Brasil.;8587567074814594;Marcos A. Simplicio Jr.
4942609302112746;Bruno José Torres Fernandes;Universidade de Pernambuco, UPE, Brasil.;5941653866734201;Bruno José Torres Fernandes
3614256141054800;Jose Neuman de Souza;Universidade Federal do Ceará, UFC, Brasil.;6631267110894080;DE SOUZA, JOSÉ NEUMAN
3322255992735977;Joaquim Vinicius Carvalho Assunção;Universidade Federal de Santa Maria, UFSM, Brasil.;3322255992735977;Joaquim Vinicius Carvalho Assunção
1207757858897815;Lázaro Eduardo da Silva;Centro Federal de Educação Tecnológica de Minas Gerais, CEFET/MG, Brasil.;1207757858897815;Lázaro Eduardo da Silva
4161777289889227;Juarez Freitas;Universidade Federal do Rio Grande do Sul, UFRGS, Brasil.;4161777289889227;Juarez Freitas
6720552935529976;Juliana Oliveira Domingues;Universidade de São Paulo, USP, Brasil.;6720552935529976;Juliana Oliveira Domingues
5326223719623265;Leonardo Lima Gomes;Pontifícia Universidade Católica do Rio de Janeiro, PUC-Rio, Brasil.;5326223719623265;Leonardo Lima Gomes
3725098495803766;Gilson Schwartz;Universidade de São Paulo, USP, Brasil.;6874544707185541;Gilson Schwartz
4641684220602580;Célio Vinicius Neves de Albuquerque;Universidade Federal Fluminense, UFF, Brasil.;4205779497458915;Célio Vinicius Neves Albuquerque
6177045546956476;Diogo Menezes Ferrazani Mattos;Universidade Federal Fluminense, UFF, Brasil.;4205779497458915;Diogo Menezes Ferrazani Mattos
2448703093928632;Debora Christina Muchaluat Saade;Universidade Federal Fluminense, UFF, Brasil.;4205779497458915;Débora Christina Muchaluat Saade
7060564895078069;Júlio Cesar Andrade de Abreu;Universidade Federal Fluminense, UFF, Brasil.;7060564895078069;Júlio Cesar Andrade de Abreu
4513485062469304;Rodrigo Flora Calili;PSR Consultoria, PSR, Brasil.;4513485062469304;Rodrigo Flora Calili
2912504494560823;Sílvia Beatriz Beger Uchôa;Universidade Federal de Alagoas, UFAL, Brasil.;2912504494560823;Sílvia Beatriz Beger Uchôa
7716805104151473;Carlos André Guimarães Ferraz;Universidade Federal de Pernambuco, UFPE, Brasil.;7716805104151473;Carlos André Guimarães Ferraz
4531178739960001;Carlos Eduardo Ferreira de Carvalho;Pontifícia Universidade Católica de São Paulo, PUC/SP, Brasil.;4531178739960001;Carlos Eduardo Ferreira de Carvalho
7647023564369066;Rogerio Antonio Casagrande;Universidade do Extremo Sul Catarinense, UNESC, Brasil.;7647023564369066;Rogerio Antonio Casagrande
0807511237795775;Alessandro Fabricio Garcia;Pontifícia Universidade Católica do Rio de Janeiro, PUC-Rio, Brasil.;1095304607841635;Alessandro Garcia
0721071524157651;Jerffeson Teixeira de Souza;Universidade Estadual do Ceará, UECE, Brasil.;9359546788802277;JERFFESON TEIXEIRA DE SOUZA
2323279755124770;Martín Augusto Gagliotti Vigil;Universidade Federal de Santa Catarina, UFSC, Brasil.;8730750961111658;Martin Augusto Gagliotti Vigil
2781747995973774;Diego Luis Kreutz;Universidade Federal do Amazonas, UFAM, Brasil.;2781747995973774;Diego Luis Kreutz
8792400749259477;Marco Aurelio Amaral Henriques;Universidade Estadual de Campinas, UNICAMP, Brasil.;8792400749259477;Marco Aurelio Amaral Henriques
1246085373474860;Katyusco de Farias Santos;Instituto Federal de Educação, Ciência e Tecnologia da Paraíba - IFPB, IFPB, Brasil.;1246085373474860;Katyusco de Farias Santos
4445790203781215;Luiz Eduardo Teixeira Brandão;Pontifícia Universidade Católica do Rio de Janeiro, PUC-Rio, Brasil.;4445790203781215;Luiz Eduardo Teixeira Brandão
0658814862350187;Ricardo Ratner Rochman;Fundação Getulio Vargas - SP, FGV-SP, Brasil.;658814862350187;Ricardo Ratner Rochman
9038113331816861;Ewerton Rodrigues Andrade;Fundação Universidade Federal de Rondônia, UNIR, Brasil.;9038113331816861;Ewerton Rodrigues Andrade
3321577431881283;Tales Cleber Pimenta;Universidade Federal de Itajubá, UNIFEI, Brasil.;272608028854633;Tales Cleber Pimenta
0638632787682079;Paulo Caetano da Silva;Universidade Salvador, UNIFACS, Brasil.;638632787682079;Paulo Caetano da Silva
0122916218414168;Roderval Marcelino;Universidade Federal de Santa Catarina, UFSC, Brasil.;122916218414168;Roderval Marcelino
8623512462352869;Antônio Marcos Alberti;Instituto Nacional de Telecomunicações, INATEL, Brasil.;8623512462352869;Antônio Marcos Alberti
5220976485878526;Luli Radfahrer;Universidade de São Paulo, USP, Brasil.;5220976485878526;Luli Radfahrer
2212288622038633;Patrícia Vilain;Universidade Federal de Santa Catarina, UFSC, Brasil.;2212288622038633;Patrícia Vilain
1058846722790485;Cinthia Obladen de Almendra Freitas;Pontifícia Universidade Católica do Paraná, PUC/PR, Brasil.;1058846722790485;Cinthia Obladen de Almendra Freitas
0120615995402345;Fabíola Gonçalves Pereira Greve;Universidade Federal da Bahia, UFBA, Brasil.;120615995402345;Fabíola Gonçalves Pereira Greve
4664874328682497;Gesiane Silveira Pereira;Universidade Vila Velha, UVV, Brasil.;3755692723547807;Gesiane Silveira Pereira
0494751833227700;Alvaro Machado Dias;Universidade Federal de São Paulo, UNIFESP, Brasil.;494751833227700;Alvaro Machado Dias
8321834215728086;Paula De Camargo Fiorini;Universidade Estadual Paulista Júlio de Mesquita Filho, UNESP, Brasil.;8321834215728086;Paula De Camargo Fiorini
6123253784997703;Fernanda da Silva Momo;Universidade Federal do Rio Grande do Sul, UFRGS, Brasil.;6123253784997703;Fernanda da Silva Momo
6392597835724138;Fabricia Carneiro Roos Frantz;Universidade Regional do Noroeste do Estado do Rio Grande do Sul, UNIJUI, Brasil.;3644027876437753;Fabricia Carneiro Roos Frantz
6136685270563354;Moacir Godinho Filho;Universidade Federal de São Carlos, UFSCAR, Brasil.;9062191157466610;Moacir Godinho Filho
4842733764531027;Fabiano Passuelo Hessel;Pontifícia Universidade Católica do Rio Grande do Sul, PUCRS, Brasil.;4842733764531027;Fabiano Passuelo Hessel
7221869481508890;Filippe Coury Jabour Neto;Instituto Federal do Sudeste de Minas Gerais, IF SUDESTE MG, Brasil.;7221869481508890;Filippe Coury Jabour Neto
2880668102587861;Leonardo Oliveira Moreira;Universidade Federal do Ceará, UFC, Brasil.;2880668102587861;Leonardo Oliveira Moreira
7926838249921187;Marcelo Damasceno de Melo;Instituto Federal de Educação, Ciência e Tecnologia do Rio Grande do Norte, IFRN, Brasil.;7926838249921187;Marcelo Damasceno de Melo
3322414202275652;Eduardo de Senzi Zancul;Universidade de São Paulo, USP, Brasil.;3322414202275652;Eduardo de Senzi Zancul
9858319665065036;Juliano Araujo Wickboldt;Universidade Federal do Rio Grande do Sul, UFRGS, Brasil.;9858319665065036;Juliano Araujo Wickboldt
5103490322445619;Eduardo de Freitas Rocha Loures;Pontifícia Universidade Católica do Paraná, PUC/PR, Brasil.;5103490322445619;Eduardo de Freitas Rocha Loures
8470815792470938;Leonardo Elizeire Bremermann;Universidade Federal de Santa Catarina, UFSC, Brasil.;8730750961111658;Leonardo Elizeire Bremermann
6820830740393500;Vicente Ferreira de Lucena Junior;Universidade Federal do Amazonas, UFAM, Brasil.;6820830740393500;Vicente Ferreira de Lucena Junior
5572669840008569;Anderson Luis Szejka;Pontifícia Universidade Católica do Paraná, PUC/PR, Brasil.;5572669840008569;Anderson Luis Szejka
5422276244335274;Jorge Ferreira da Silva;Pontifícia Universidade Católica do Rio de Janeiro, PUC-Rio, Brasil.;7224163454715504;Jorge Ferreira da Silva
6301625161386664;Luciana Backes;Universidade La Salle - Canoas, UNILASALLE, Brasil.;5877338921329207;Luciana Backes
5877338921329207;Ana Margô Mantovani;Universidade La Salle - Canoas, UNILASALLE, Brasil.;5877338921329207;Ana Margô Mantovani
3402056676199307;Carlos Pernisa Júnior;Universidade Federal de Juiz de Fora, UFJF, Brasil.;3402056676199307;Carlos Pernisa Júnior
8100404916721779;Katia Augusta Maciel;Universidade Federal do Rio de Janeiro, UFRJ, Brasil.;8100404916721779;Katia Augusta Maciel
9933939386282163;Luís Carlos Petry;Pontifícia Universidade Católica de São Paulo, PUC/SP, Brasil.;9933939386282163;Luís Carlos Petry
2530535838251633;Érico Marcelo Hoff do Amaral;Universidade Federal do Pampa, UNIPAMPA, Brasil.;501764855693100;Érico Marcelo Hoff do Amaral
1736294295596552;Laura Graziela Figueiredo Fernandes Gomes;Universidade Federal de Santa Maria, UFSM, Brasil.;1736294295596552;Laura Graziela Figueiredo Fernandes Gomes
9716270626654261;Francisco Petrônio Alencar de Medeiros;Instituto Federal de Educação, Ciência e Tecnologia da Paraíba - IFPB, IFPB, Brasil.;9716270626654261;Francisco Petrônio Alencar de Medeiros
0683836610965593;Flávia Doná;Universidade Federal de São Paulo, UNIFESP, Brasil.;2468514648565776;Flavia Dona
0824508932634550;Elvis Terci Valera;Universidade de São Paulo, USP, Brasil.;824508932634550;Elvis Terci Valera
8576347873975306;Germano Bruno Afonso;Centro Universitário Internacional, UNINTER, Brasil.;8576347873975306;Germano Bruno Afonso
4448248613510170;Mônia Aparecida da Silva;Universidade Federal de São João Del-Rei, UFSJ, Brasil.;4448248613510170;Mônia Aparecida da Silva
1280835655867163;Eduardo da Silva Lopes;Universidade Estadual do Centro-Oeste, UNICENTRO, Brasil.;1280835655867163;Eduardo da Silva Lopes
7471848591836966;Alexandre Carvalho Silva;Instituto Federal Goiano - campus Morrinhos, IFGOIANO, Brasil.;7471848591836966;Alexandre Carvalho Silva
9801802525566177;Jose Aquiles Baesso Grimoni;Universidade de São Paulo, USP, Brasil.;9801802525566177;Jose Aquiles Baesso Grimoni
2141124649915751;Pasqualino Romano Magnavita;Universidade Federal da Bahia, UFBA, Brasil.;2141124649915751;Pasqualino Romano Magnavita
9627705064505983;Leonardo César Carvalho;Universidade Federal de Alfenas, UNIFAL/MG, Brasil.;9627705064505983;Leonardo César Carvalho
1790662929908503;Luciene Chagas de Oliveira;Universidade de Uberaba, UNIUBE, Brasil.;1790662929908503;Luciene Chagas de Oliveira
0695899382782312;Sergio Scheer;Universidade Federal do Paraná, UFPR, Brasil.;8615127367466231;Sergio Scheer
7390573927636069;Silvana Aparecida Borsetti Gregorio Vidotti;Universidade Estadual Paulista Júlio de Mesquita Filho, UNESP, Brasil.;7390573927636069;Silvana Aparecida Borsetti Gregorio Vidotti
1611789402968312;Marcia Pasin;Universidade Federal de Santa Maria, UFSM, Brasil.;1611789402968312;Marcia Pasin
3270615314717988;Ricardo Mendes Leal Neto;Universidade de São Paulo, USP, Brasil.;3270615314717988;Ricardo Mendes Leal Neto
1728783224542391;Irla Bocianoski Rebelo;Centro Universitário UNIEURO, UNIEURO, Brasil.;1728783224542391;Irla Bocianoski Rebelo
2980425786626151;Raul Antonino Feijóo;Laboratório Nacional de Computação Científica, LNCC, Brasil.;2603863331633089;Raul Antonino Feijoó
0302161120707813;Cristina Jasbinschek Haguenauer;Universidade Federal do Rio de Janeiro, UFRJ, Brasil.;302161120707813;Cristina Jasbinschek Haguenauer
5194203867111923;Mercedes Rocío Gonzales Márquez;Universidade Estadual de Mato Grosso do Sul, UEMS, Brasil.;5194203867111923;Mercedes Rocío Gonzales Márquez
7546749502855942;Maicon Gouvea de Oliveira;Escola de Engenharia de São Carlos da Universidade de São Paulo, EESC-USP, Brasil.;7546749502855942;Maicon Gouvea de Oliveira
6602607106117942;Marcelo Anderson Bracht;Fundação Universidade Regional de Blumenau, FURB, Brasil.;6602607106117942;Marcelo Anderson Bracht
2993264661694458;Luciana Maria dos Reis;Universidade Federal de Alfenas, UNIFAL/MG, Brasil.;4852992975865513;Luciana Maria dos Reis
5340609373784793;Adriana Teresa Silva Santos;Universidade Federal de Alfenas, UNIFAL/MG, Brasil.;4852992975865513;Adriana Teresa Silva
6222978572011439;Arnaldo Aires Peixoto Junior;Centro Universitário Christus, UNICHRISTUS, Brasil.;6222978572011439;Arnaldo Aires Peixoto Junior
9169095482512290;Marilia Miranda Forte Gomes;Universidade de Brasília, UnB, Brasil.;9169095482512290;Marilia Miranda Forte Gomes
2563935738990997;Camila Palhares Teixeira;Universidade Estadual de Minas Gerais, UEMG, Brasil.;2563935738990997;Camila Palhares Teixeira
1829333800490851;Rosa Maria Esteves Moreira da Costa;Universidade do Estado do Rio de Janeiro, UERJ, Brasil.;7535348349141535;Rosa Maria Esteves Moreira da Costa
0048790978449306;Avanilde Kemczinski;Universidade do Estado de Santa Catarina, UDESC, Brasil.;48790978449306;Avanilde Kemczinski
9329438229733907;Manoel Ribeiro Filho;Universidade Federal do Sul e Sudeste do Pará, UNIFESSPA, Brasil.;9329438229733907;Manoel Ribeiro Filho
3447520409510736;Anderson Maciel;Universidade Federal do Rio Grande do Sul, UFRGS, Brasil.;294302345865267;Anderson Maciel
1168989222280325;Antônio Carlos de Abreu Mól;Centro Universitário Carioca, UNICARIOCA, Brasil.;1168989222280325;Antônio Carlos de Abreu Mól
4210677630165565;Ana Paula Legey de Siqueira;Centro Universitário Carioca, UNICARIOCA, Brasil.;1168989222280325;SIQUEIRA, ANA PAULA LEGEY DE
8343393957854863;Adriano Anunciação Oliveira;Universidade Federal do Ceará, UFC, Brasil.;8343393957854863;Adriano Anunciação Oliveira
2631933490596587;Antonia Arisdélia Fonseca Matias Aguiar Feitosa;Universidade Federal da Paraíba, UFPB, Brasil.;2631933490596587;Antonia Arisdélia Fonseca Matias Aguiar Feitosa
8486882484125774;Paulo Victor Rodrigues de Carvalho;Universidade Federal do Rio de Janeiro, UFRJ, Brasil.;8486882484125774;Paulo Victor Rodrigues de Carvalho
9984314744370920;Laura de Sousa Gomes Veloso;Faculdades de Enfermagem Nova Esperança, FACENE, Brasil.;9984314744370920;Laura de Sousa Gomes Veloso
1158798915256133;Christus Menezes da Nobrega;Universidade Aberta do Brasil, UAB, Brasil.;727171902745709;Christus Menezes
2035754554780009;Nelci Adriana Cicuto Ferreira Rocha;Universidade Federal de São Carlos, UFSCAR, Brasil.;2278152516658626;Nelci Adriana Cicuto Ferreira Rocha
3262681213088048;Isabela Gasparini;Universidade do Estado de Santa Catarina, UDESC, Brasil.;2259041691301555;Isabela Gasparini
0155109382883894;Elizeu Batista Borloti;Universidade Federal do Espírito Santo, UFES, Brasil.;1726041421275880;Elizeu Batista Borloti
1726041421275880;Verônica Bender Haydu;Universidade Estadual de Londrina, UEL, Brasil.;1726041421275880;Verônica Bender Haydu
8964123297688432;Regina Borges de Araujo;Universidade Federal de São Carlos, UFSCAR, Brasil.;8964123297688432;Regina Borges de Araujo
5144730275745518;Fátima Nelsizeuma Sombra de Medeiros;Universidade Federal de São Paulo, UNIFESP, Brasil.;6069717038105786;Fátima N. Sombra de Medeiros
4437947315163588;Camila Torriani-Pasin;Universidade de São Paulo, USP, Brasil.;4437947315163588;Camila Torriani-Pasin
2081849934383112;Elizabel de Souza Ramalho Viana;Universidade Federal do Rio Grande do Norte, UFRN, Brasil.;3250319979361307;Elizabel de Souza Ramalho Viana
6553900966729412;Silvana Maria Blascovi de Assis;Universidade Presbiteriana Mackenzie, MACKENZIE, Brasil.;1678715490240349;Silvana Maria Blascovi de Assis
1973691273575100;Andromeda Goretti de Menezes Campos;Instituto Federal de Educação, Ciência e Tecnologia do Espírito Santo, IFES, Brasil.;1973691273575100;Andromeda Goretti de Menezes Campos
7091513065379000;Renato da Veiga Guadagnin;Universidade Católica de Brasília, UCB/DF, Brasil.;9190489069187153;Renato Guadagnin
9190489069187153;Lourdes Mattos Brasil;Universidade de Brasília - Faculdade UnB-Gama, FGA, Brasil.;9190489069187153;Lourdes Mattos Brasil
8415486629956081;Edgar Silveira Franco;Universidade Federal de Goiás, UFG, Brasil.;8415486629956081;Edgar Silveira Franco
1166337759206783;Denise Azevedo Duarte Guimarães;Universidade Tuiuti do Paraná, UTP, Brasil.;1166337759206783;Denise Azevedo Duarte Guimarães
9998552952567661;Jairo Simao Santana Melo;Serviço Nacional de Aprendizagem Comercial - DF, SENAC/DF, Brasil.;9499042601643906;Jairo Simão Santana Melo
3010497094377497;Rafael Rieder;Universidade de Passo Fundo, UPF, Brasil.;3682660634268734;Rafael Rieder
4744515106232644;José Roberto Pereira Lauris;Universidade de São Paulo, USP, Brasil.;4744515106232644;José Roberto Pereira Lauris
9437079385922873;Ruth Caldeira de Melo;Universidade de São Paulo, USP, Brasil.;9437079385922873;Ruth Caldeira de Melo
3523652954816663;Eduardo Marques Arantes;Universidade Federal de Minas Gerais, UFMG, Brasil.;3523652954816663;Eduardo Marques Arantes
4760598240322592;João Vitor Gobis Verges;Instituto Federal de Educação, Ciência e Tecnologia do Rio Grande do Sul, IFRS, Brasil.;4760598240322592;João Vitor Gobis Verges
2445144539614697;Arlinda Cantero Dorsa;Universidade Católica Dom Bosco, UCDB, Brasil.;2445144539614697;Arlinda Cantero Dorsa
9337143918677200;Thais Helena Chaves de Castro;Universidade Federal do Amazonas, UFAM, Brasil.;5919189481858271;Thaís Helena Chaves de Castro
4921640978892287;Maria Guiomar Carneiro Tommasiello;Universidade Metodista de Piracicaba, UNIMEP, Brasil.;4921640978892287;Maria Guiomar Carneiro Tommasiello
8383022780236277;Heloisa Helena Oliveira Buarque de Hollanda;Universidade Federal do Rio de Janeiro, UFRJ, Brasil.;5029016161874169;Heloisa Buarque de Hollanda
0843342339328637;Stefânia Ordovás de Almeida;Pontifícia Universidade Católica do Rio Grande do Sul, PUCRS, Brasil.;843342339328637;Stefânia Ordovás de Almeida
4922733960989917;Simone de Godoy Costa;Escola de Enfermagem de Ribeirão Preto da Universidade de São Paulo, EERP-USP, Brasil.;3321694448032184;Simone de Godoy
3895544925364119;Fabiana Caetano Martins Silva e Dutra;Universidade Federal do Triângulo Mineiro, UFTM, Brasil.;3895544925364119;Fabiana Caetano Martins Silva e Dutra
2487859882670844;Mauricio Capobianco Lopes;Fundação Universidade Regional de Blumenau, FURB, Brasil.;2487859882670844;Mauricio Capobianco Lopes
8918861344608187;Alexandre Amorim dos Reis;Universidade do Estado de Santa Catarina, UDESC, Brasil.;3381049256541106;Alexandre Amorim dos Reis
5666634758937148;Carlos Alberto Dainese;Universidade Federal de Ouro Preto, UFOP, Brasil.;5666634758937148;Carlos Alberto Dainese
1891722115880803;Samuel Barros de Medeiros Albuquerque;Universidade Federal de Sergipe, UFS, Brasil.;1891722115880803;Samuel Barros de Medeiros Albuquerque
1086580077384625;Elomar Christina Vieira Castilho Barilli;Fundação Oswaldo Cruz, FIOCRUZ, Brasil.;1086580077384625;Elomar Christina Vieira Castilho Barilli
0787409249587716;Fernando Amâncio Aragão;Universidade Estadual do Oeste do Paraná, UNIOESTE, Brasil.;9191367611165370;Fernando Amâncio Aragão
9942240121225139;Eduardo Todt;Universidade Federal do Paraná, UFPR, Brasil.;9942240121225139;Eduardo Todt
9945289519054859;Luis Carlos Erpen de Bona;Universidade Federal do Paraná, UFPR, Brasil.;9942240121225139;Luis Carlos Erpen de Bona
9693173807382512;Eduardo Setton Sampaio da Silveira;Universidade Federal de Alagoas, UFAL, Brasil.;8426984413248108;Eduardo Setton Sampaio da Silveira
4682380099012723;Luiz Landau;Universidade Federal do Rio de Janeiro, UFRJ, Brasil.;4682380099012723;Luiz Landau
6223538827801940;Liliana Maria Passerino;Universidade Federal do Rio Grande do Sul, UFRGS, Brasil.;4181453950991454;Liliana Maria Passerino
1161317972489632;Roberto Aizik Tenenbaum;Universidade Federal de Santa Maria, UFSM, Brasil.;1161317972489632;Roberto Aizik Tenenbaum
5826842469212021;Juliana Maria Gazzola;Universidade Federal do Rio Grande do Norte, UFRN, Brasil.;5826842469212021;Juliana Maria Gazzola
8302663661351693;Hugo Leonardo Pereira Rufino;Instituto Federal do Triângulo Mineiro, IFTM, Brasil.;6566105969072228;Hugo Leonardo Pereira Rufino
2445165723239038;Fábio Gonçalves Teixeira;Universidade Federal do Rio Grande do Sul, UFRGS, Brasil.;338978144201051;Fábio G. Teixeira
3335633004443074;Julio Guilherme Silva;Universidade Federal do Rio de Janeiro, UFRJ, Brasil.;3335633004443074;Julio Guilherme Silva
5035762125459415;Marcelo de Paiva Guimarães;Universidade Federal de São Paulo, UNIFESP, Brasil.;5035762125459415;Marcelo de Paiva Guimarães
8067391099670818;Silvana Corrêa Matheus;Universidade Federal de Santa Maria, UFSM, Brasil.;8067391099670818;Silvana Corrêa Matheus
6604415685816747;Luciana Auxiliadora de Paula Vasconcelos;Pontifícia Universidade Católica de Minas Gerais, PUC Minas, Brasil.;6604415685816747;Luciana Auxiliadora de Paula Vasconcelos
5813806316468531;Ester Liberato Pereira;Universidade Estadual de Montes Claros, UNIMONTES, Brasil.;5813806316468531;Ester Liberato Pereira
4903908392101557;Tatiana Aires Tavares;Universidade Federal de Pelotas, UFPEL, Brasil.;4903908392101557;Tatiana Aires Tavares
5005514832873485;Christian Haag Kristensen;Pontifícia Universidade Católica do Rio Grande do Sul, PUCRS, Brasil.;5641377418587413;Christian Haag Kristensen
3564597309576489;Fernando Silva Parreiras;Universidade FUMEC, FUMEC, Brasil.;4835234239471713;Fernando Silva Parreiras
9962559130962213;Tereza Gonçalves Kirner;Universidade Federal de Itajubá, UNIFEI, Brasil.;1450824752280712;Tereza Gonçalves Kirner
0556025239906941;Heleno Murilo Campeão Vale;Innolution - Sistemas de Informática Ltda, Innolution, Brasil.;556025239906941;Heleno Murilo Campeão Vale
7511905330795162;Fernando Parra dos Anjos Lima;Instituto Federal de Educação Ciência e Tecnologia de Mato Grosso, IFMT, Brasil.;7511905330795162;Fernando Parra dos Anjos Lima
8243781392342839;Alcyr Alves de Oliveira;Universidade Federal de Ciências da Saúde de Porto Alegre, UFCSPA, Brasil.;8243781392342839;Alcyr Alves de Oliveira
8018788492846096;Ricardo Azambuja Silveira;Universidade Federal de Santa Catarina, UFSC, Brasil.;8018788492846096;Ricardo Azambuja Silveira
0970789513843822;Antonio Egidio Nardi;Universidade Federal do Rio de Janeiro, UFRJ, Brasil.;6290015172628054;Antonio Egidio Nardi
3876162551047333;Michel Barbosa de Araújo;Universidade de Pernambuco, UPE, Brasil.;3876162551047333;Michel Barbosa de Araújo
1050567032375329;Heloisa Helena Caovilla Malavasi Ganança;Universidade Federal de São Paulo, UNIFESP, Brasil.;1050567032375329;Heloisa Helena Caovilla Malavasi Ganança
0831776469482702;Fernando Freitas Ganança;Universidade Federal de São Paulo, UNIFESP, Brasil.;1050567032375329;Fernando Freitas Ganança
7356791944482896;Josevan Cerqueira Leal;Universidade de Brasília, UnB, Brasil.;7356791944482896;Josevan Cerqueira Leal
6486458354619269;Felipe Augusto dos Santos Mendes;Universidade de Brasília, UnB, Brasil.;7356791944482896;Felipe Augusto dos Santos Mendes
2162574207370950;Regina Célia Coelho;Universidade Federal de São Paulo, UNIFESP, Brasil.;2162574207370950;Regina Célia Coelho
1475439425044370;Régis Gemerasca Mestriner;Pontifícia Universidade Católica do Rio Grande do Sul, PUCRS, Brasil.;1475439425044370;Régis Gemerasca Mestriner
3594954478523378;Bianca Simone Zeigelboim;Universidade Tuiuti do Paraná, UTP, Brasil.;3594954478523378;Bianca Simone Zeigelboim
1218783106447217;Giovanni Cordeiro Barroso;Universidade Federal do Ceará, UFC, Brasil.;6459410325573372;Giovanni Cordeiro Barroso
9924565440571557;Talita Dias da Silva;Universidade Cidade de São Paulo, UNICID, Brasil.;9924565440571557;Talita Dias da Silva
7483948147827075;Olavo de Faria Galvão;Universidade Federal do Pará, UFPA, Brasil.;7483948147827075;Olavo de Faria Galvão
3761585497791105;Teodiano Freire Bastos Filho;Universidade Federal do Espírito Santo, UFES, Brasil.;7140331839822423;BASTOS, TEODIANO
9745050077461951;Marcelo Marcio Soares;Universidade Federal de Pernambuco, UFPE, Brasil.;3252289006108114;Marcelo Marcio Soares
4566027531758636;Mauricio Pietrocola Pinto de Oliveira;Universidade de São Paulo, USP, Brasil.;4566027531758636;Mauricio Pietrocola Pinto de Oliveira
5919252907988514;Augusto Cesinando de Carvalho;Universidade Estadual Paulista Júlio de Mesquita Filho, UNESP, Brasil.;5919252907988514;Augusto Cesinando de Carvalho
1042601440436041;Luciana Pucci Santos;Universidade Federal Rural do Rio de Janeiro, UFRRJ, Brasil.;1042601440436041;Luciana Pucci Santos
1517200038007947;Grace Kelly Melo de Almeida;CENTRO UNIVERSITÁRIO UNINASSAU ARACAJU, UNINASSAU, Brasil.;1517200038007947;Grace Kelly Melo de Almeida
5604471362272681;Kazuo Nishimoto;Universidade de São Paulo, USP, Brasil.;5604471362272681;Kazuo Nishimoto
0006708662950964;Paula Regina Puhl;Pontifícia Universidade Católica do Rio Grande do Sul, PUCRS, Brasil.;6708662950964;Paula Regina Puhl
6785174940359965;Cassio David Borralho Pinheiro;Universidade Federal do Oeste do Pará, UFOPA, Brasil.;3930579216565991;Cássio David Borralho Pinheiro
7631103821426950;Tania Regina Fraga da Silva;Universidade de Brasília, UnB, Brasil.;7631103821426950;Tania Regina Fraga da Silva
2531761427648020;Edilson Ferneda;Universidade Católica de Brasília, UCB/DF, Brasil.;4038730280834132;Edilson Ferneda
9688530845451866;José Guilherme de Oliveira Brockington;Núcleo de Pesquisa em Inovação Curricular, NUPIC, Brasil.;9688530845451866;José Guilherme de Oliveira Brockington
7429780004238103;Maria Claudia Ferrari de Castro;Centro Universitário da FEI (SBC), FEI, Brasil.;6186413528999908;Maria Claudia Ferrari de Castro
6708087109033303;Adriana Soares Pereira;Universidade Federal de Santa Maria, UFSM, Brasil.;6708087109033303;Adriana Soares Pereira
8039118755158155;Manoel Osmar Seabra Junior;Universidade Estadual Paulista Júlio de Mesquita Filho, UNESP, Brasil.;5307464695220719;Manoel Osmar Seabra Junior
2859899040529518;Guilherme Nunes de Vasconcelos;Universidade Federal de Minas Gerais, UFMG, Brasil.;8795066026611788;Guilherme Nunes de Vasconcelos
9499398320838094;Creto Augusto Vidal;Universidade Federal do Ceará, UFC, Brasil.;5012576140529904;Creto Augusto Vidal
5993832413749292;Gabriela Castellano;Universidade Estadual de Campinas, UNICAMP, Brasil.;9414097844432953;Gabriela Castellano
2277559773788201;Felipe Becker Nunes;Faculdade Antônio Meneghetti, AMF, Brasil.;2277559773788201;Felipe Becker Nunes
3435434761711692;Wilma Costa Souza;Universidade Castelo Branco, UCB/RJ, Brasil.;3435434761711692;Wilma Costa Souza
7486340493431857;Elirez Bezerra da Silva;Universidade Santa Úrsula, USU, Brasil.;3435434761711692;Elirez Bezerra da Silva
1862848643087021;Jucimar Maia da Silva Junior;Universidade do Estado do Amazonas, UEA, Brasil.;1862848643087021;Jucimar Maia da Silva Junior
4559628781289941;Mario José Van Thienen da Silva;Universidade Tecnológica Federal do Paraná, UTFPR, Brasil.;4559628781289941;Mario José Van Thienen da Silva
2872064505456567;Linnyer Beatrys Ruiz Aylon;Universidade Estadual de Maringá, UEM, Brasil.;7560936930373791;Linnyer Beatrys Ruiz
4177178840952700;Hosana Celeste Oliveira;Universidade Federal do Pará, UFPA, Brasil.;4177178840952700;Hosana Celeste Oliveira
5725021666916341;Francisco Milton Mendes Neto;Universidade Federal Rural do Semi Árido, UFERSA, Brasil.;5725021666916341;Francisco Milton Mendes Neto
2844974351441051;Márcio Eduardo Delamaro;Universidade de São Paulo, USP, Brasil.;8807333466702951;DELAMARO, MARCIO
6259579330358182;Angelo Márcio Pinto Leite;Faculdades Federais Integradas de Diamantina, FAFEID, Brasil.;6259579330358182;Angelo Márcio Pinto Leite
2484471713795378;Lucila Ishitani;Pontifícia Universidade Católica de Minas Gerais, PUC Minas, Brasil.;2484471713795378;Lucila Ishitani
3094033583031765;Juliana Sousa Soares de Araújo;Universidade Federal da Paraíba, UFPB, Brasil.;3094033583031765;Juliana Sousa Soares de Araújo
9579107830132166;Fabrícia Azevêdo da Costa Cavalcanti;Universidade Federal do Rio Grande do Norte, UFRN, Brasil.;7200517552154428;Fabricia Azevedo da Costa Cavalcanti
9406431536920693;Aline Braga Galvão Silveira Fernandes;Universidade Federal do Rio Grande do Norte, UFRN, Brasil.;7200517552154428;Aline Braga Galvão Silveira Fernandes
7200517552154428;Tania Fernandes Campos;Universidade Federal do Rio Grande do Norte, UFRN, Brasil.;7200517552154428;Tania Fernandes Campos
5866381928751063;Mário Mestria;Instituto Federal de Educação, Ciência e Tecnologia do Espírito Santo, IFES, Brasil.;5866381928751063;Mário Mestria
3600215645187879;Jose Eduardo Krieger;Universidade de São Paulo, USP, Brasil.;521761025000380;José Eduardo Krieger
8626964624628522;Fátima de Lourdes dos Santos Nunes Marques;Universidade Estadual de Campinas, UNICAMP, Brasil.;521761025000380;Fátima L. S. Nunes
8913137847507278;Silvia Regina Ferreira de Laurentiz;Universidade de São Paulo, USP, Brasil.;8913137847507278;Silvia Regina Ferreira de Laurentiz
9600140904712115;Hélio Pedrini;Universidade Estadual de Campinas, UNICAMP, Brasil.;9600140904712115;Hélio Pedrini
6544336528038920;João Carlos de Souza Ribeiro;Universidade Federal do Acre, UFAC, Brasil.;6544336528038920;João Carlos de Souza Ribeiro
0546958669177908;Milton Luiz Horn Vieira;Universidade Federal de Santa Catarina, UFSC, Brasil.;5830629485280974;Milton Luiz Horn Vieira
2813267867460570;Eliseth Ribeiro Leão de Andrade Silva;Instituto Israelita de Ensino e Pesquisa Albert Einstein, IIEPAE, Brasil.;2813267867460570;Eliseth Ribeiro Leão de Andrade Silva
6667274456249301;Jandira Guenka Palma;Universidade Estadual de Londrina, UEL, Brasil.;8013693656320228;Jandira Guenka Palma
3736858758375395;Daniel Ferreira Moreira Lobato;Universidade Federal do Triângulo Mineiro, UFTM, Brasil.;3736858758375395;Daniel Ferreira Moreira Lobato
6730030915781776;André Luiz França Batista;Instituto Federal do Triângulo Mineiro, IFTM, Brasil.;6730030915781776;André Luiz França Batista
8265885406314576;Denise Fukumi Tsunoda;Universidade Federal do Paraná, UFPR, Brasil.;7731274767187515;Denise Fukumi Tsunoda
6016750038556729;Ranny Loureiro Xavier Nascimento Michalski;Universidade de São Paulo, USP, Brasil.;6016750038556729;Ranny Loureiro Xavier Nascimento Michalski
5665487289891813;Mercia Lamenha Medeiros;Mestrado Profissional Ensino na Saúde, MPES, Brasil.;5665487289891813;Mercia Lamenha Medeiros
6263913436052996;Hermes Renato Hildebrand;Universidade Estadual de Campinas, UNICAMP, Brasil.;6263913436052996;Hermes Renato Hildebrand
9990463602315076;Regis Rossi Alves Faria;Universidade de São Paulo, USP, Brasil.;9990463602315076;Regis Rossi Alves Faria
2120588116159135;Karine Bueno Vargas;Universidade Federal Rural do Rio de Janeiro, UFRRJ, Brasil.;5153390186016718;Karine Bueno Vargas
8823110547147768;Delmar Broglio Carvalho;Universidade Estadual de Feira de Santana, UEFS, Brasil.;4096908597645510;Delmar Broglio Carvalho
3810677691355742;Waleska Maria Almeida Barros;Centro universitário Osman Lins, UNIFACOL, Brasil.;5647294482493232;Waleska Maria Almeida Barros
1936581424002717;Rejane Spitz;Pontifícia Universidade Católica do Rio de Janeiro, PUC-Rio, Brasil.;1936581424002717;Rejane Spitz
0996510828258210;Anthony Ferreira La Marca;Universidade Federal de Mato Grosso, UFMT, Brasil.;996510828258210;Anthony Ferreira La Marca
0726225502011694;Fabrício Junqueira;Universidade de São Paulo, USP, Brasil.;726225502011694;Fabrício Junqueira
5298715034259109;Jorge Alberto Silva Machado;Universidade de São Paulo, USP, Brasil.;5298715034259109;Jorge Alberto Silva Machado
2000444151497847;Regiane Trevisan Pupo;Universidade Federal de Santa Catarina, UFSC, Brasil.;2000444151497847;Regiane Trevisan Pupo
4227034481540406;Yacy Ara Froner Gonçalves;Instituto do Patrimônio Histórico e Artístico Nacional - DF, IPHAN/DF, Brasil.;3684061144624450;Yacy Ara Froner Gonçalves
3684061144624450;Ana Regina Mizrahy Cuperschmid;Universidade Estadual de Campinas, UNICAMP, Brasil.;3684061144624450;Ana Regina Mizrahy Cuperschmid
9183721973235194;Marcio Sarroglia Pinho;Pontifícia Universidade Católica do Rio Grande do Sul, PUCRS, Brasil.;9183721973235194;Marcio Sarroglia Pinho
4054756781423727;Jauvane Cavalcante de Oliveira;Laboratório Nacional de Computação Científica, LNCC, Brasil.;1562357566810393;Jauvane Oliveira
6390215585850045;Paula Silva de Carvalho Chagas;Universidade Federal de Juiz de Fora, UFJF, Brasil.;6390215585850045;Paula Silva de Carvalho Chagas
0477251811278890;Gilda Aparecida de Assis;Universidade Federal de Ouro Preto, UFOP, Brasil.;4835132297874692;Gilda Aparecida de Assis
7514737354542371;Danielle Miranda de Oliveira Arruda Gomes;Universidade Estadual do Ceará, UECE, Brasil.;7514737354542371;Danielle Miranda de Oliveira Arruda Gomes
5808110442588994;Viviane Euzébia Pereira Santos;Universidade Federal do Rio Grande do Norte, UFRN, Brasil.;5808110442588994;Viviane Euzébia Pereira Santos
5614479933447169;Francis Solange Vieira Tourinho;Universidade Federal de Santa Catarina, UFSC, Brasil.;5808110442588994;TOURINHO, FRANCIS SOLANGE VIEIRA
8252864210379656;André Luis Castro de Freitas;Universidade Federal do Rio Grande, FURG, Brasil.;8252864210379656;André Luis Castro de Freitas
0184424645432858;Eduardo Aoun Tannuri;Escola Politécnica da Universidade de São Paulo, POLI/USP, Brasil.;184424645432858;Eduardo Aoun Tannuri
2784997614182231;Auzuir Ripardo de Alexandria;Instituto Federal do Ceará, IFCE, Brasil.;2784997614182231;Auzuir Ripardo de Alexandria
0740456649727715;Márcia Stengel;Pontifícia Universidade Católica de Minas Gerais, PUC Minas, Brasil.;3870587687897441;Marcia Stengel
4395908702363702;Elen Beatriz Carneiro Pinto;Escola Bahiana de Medicina e Saúde Pública, EBMSP, Brasil.;2188084232837529;Elen Beatriz Carneiro Pinto
0441908602444068;Ana Grasielle Dionísio Corrêa;Universidade Presbiteriana Mackenzie, MACKENZIE, Brasil.;6553900966729412;Ana Grasielle Dionisio Corrêa
7520650952867206;Marcelo Nicoletti Franchin;Universidade Estadual Paulista Júlio de Mesquita Filho, UNESP, Brasil.;7520650952867206;Marcelo Nicoletti Franchin
9935354654905236;Maria Andréia Formico Rodrigues;Universidade de Fortaleza, UNIFOR, Brasil.;9935354654905236;Maria Andréia Formico Rodrigues
5088850480780281;Lygia Paccini Lustosa;Universidade Federal de Minas Gerais, UFMG, Brasil.;5088850480780281;Lygia Paccini Lustosa
0529384820417065;Alyson Matheus de Carvalho Souza;Universidade Federal do Rio Grande do Norte, UFRN, Brasil.;529384820417065;Alyson Matheus de Carvalho Souza
6510312571379213;Isabel Amélia Costa Mendes;Universidade de São Paulo, USP, Brasil.;4922733960989917;MENDES, ISABEL AMÉLIA COSTA
3865276517151294;Rafael Thomaz da Costa;Universidade Federal do Rio de Janeiro, UFRJ, Brasil.;3865276517151294;Rafael Thomaz da Costa
2935052598064187;Adriano Almeida Gonçalves Siqueira;Universidade de São Paulo, USP, Brasil.;2935052598064187;Adriano Almeida Goncalves Siqueira
6535678775361874;Ana Raquel Rodrigues Lindquist;Universidade Federal do Rio Grande do Norte, UFRN, Brasil.;6535678775361874;Ana Raquel Rodrigues Lindquist
7925449690046513;Ronei Marcos de Moraes;Universidade de São Paulo, USP, Brasil.;7175882793842898;Ronei M. de Moraes
0240551533292579;Liliane dos Santos Machado;Universidade Federal da Paraíba, UFPB, Brasil.;7175882793842898;Liliane dos Santos Machado
6532978866871255;Camila Rosa de Oliveira;Atitus Educação, CESME, Brasil.;6532978866871255;Camila Rosa de Oliveira
0535211732373749;Marcelo Trindade Rebonatto;Universidade de Passo Fundo, UPF, Brasil.;4746488333257798;Marcelo Rebonatto
6105352030703632;Pedro Moisés de Sousa;Universidade Federal de Viçosa, UFV, Brasil.;8205501453013894;Pedro Moisés de Sousa
6027325194674806;Eduardo Kojy Takahashi;Universidade Federal de Uberlândia, UFU, Brasil.;6027325194674806;Eduardo Kojy Takahashi
3954065076810604;Caio Saraiva Coneglian;Universidade de Marília, UNIMAR, Brasil.;3954065076810604;Caio Saraiva Coneglian
6689529661601171;Savio Souza Venancio Vianna;Universidade Estadual de Campinas, UNICAMP, Brasil.;6689529661601171;Savio Souza Venancio Vianna
8988734339185408;Giliane Bernardi;Universidade Federal de Santa Maria, UFSM, Brasil.;8988734339185408;Giliane Bernardi
8244408290645228;Rui de Moraes Júnior;Universidade de Brasília, UnB, Brasil.;8244408290645228;Rui de Moraes Júnior
3882851981484245;Fernando Allan de Farias Rocha;Universidade Federal do Pará, UFPA, Brasil.;4932238030330851;Fernando Allan de Farias Rocha
4932238030330851;Bruno Duarte Gomes;Universidade Federal do Pará, UFPA, Brasil.;4932238030330851;Bruno Duarte Gomes
5452487622108729;Paulo Horn Regal;Pontifícia Universidade Católica do Rio Grande do Sul, PUCRS, Brasil.;8497003280848957;Paulo Horn Regal
8497003280848957;Maria Alice Medeiros Dias;Pontifícia Universidade Católica do Rio Grande do Sul, PUCRS, Brasil.;8497003280848957;Maria Alice Medeiros Dias
9175997990682339;José Barbosa Dias Júnior;INSTITUTO FEDERAL DO PARANA, IFPR, Brasil.;9175997990682339;José Barbosa Dias Júnior
8809343991667852;Rodrigo Alves Tubelo;Zenith - Educação Continuada, ZENITH, Brasil.;8809343991667852;Rodrigo Alves Tubelo
1635123002008397;Fabrício Mezzomo Collares;Universidade Federal do Rio Grande do Sul, UFRGS, Brasil.;8809343991667852;Fabrício Mezzomo Collares
8133566402951621;Mauricio Müller;Companhia Paranaense de Energia, COPEL, Brasil.;8133566402951621;Mauricio Müller
8928890008799265;Anselmo Frizera Neto;Universidade Federal do Espírito Santo, UFES, Brasil.;8928890008799265;Anselmo Frizera Neto
6864214843044820;Cláudio Batista Vieira;Universidade Federal de Ouro Preto, UFOP, Brasil.;6864214843044820;Cláudio Batista Vieira
1395611889215489;Renan Carreiro Rocha;Instituto Federal de Educação, Ciência e Tecnologia do Espírito Santo, IFES, Brasil.;1395611889215489;Renan Carreiro Rocha
9288384144226144;Maria da Gloria Canto de Sousa;Universidade do Estado da Bahia, UNEB, Brasil.;9288384144226144;Maria da Gloria Canto de Sousa
3616991101436026;Ildeberto Aparecido Rodello;Universidade de São Paulo, USP, Brasil.;3616991101436026;Ildeberto Aparecido Rodello
2302314954133011;Soraia Raupp Musse;Pontifícia Universidade Católica do Rio Grande do Sul, PUCRS, Brasil.;2302314954133011;Soraia Raupp Musse
8962021573218552;Vania Cristina Pires Nogueira Valente;Universidade Estadual Paulista Júlio de Mesquita Filho, UNESP, Brasil.;8962021573218552;Vania Cristina Pires Nogueira Valente
8388039231523027;Paula Poiet Sampedro;Universidade Estadual de Maringá, UEM, Brasil.;8962021573218552;Paula Poiet Sampedro
4910770400206109;Andre de Souza Parente;Universidade Federal do Rio de Janeiro, UFRJ, Brasil.;4910770400206109;Andre de Souza Parente
7456087575957421;Glória Elizabeth Carneiro Laurentino;Universidade Federal de Pernambuco, UFPE, Brasil.;1081515399161086;Glória Elizabeth Carneiro Laurentino
1459797138770378;Maria de Fatima Queiroz Vieira;Universidade Federal de Campina Grande, UFCG, Brasil.;1459797138770378;Maria de Fatima Queiroz Vieira
6787525856497063;Adelardo Adelino Dantas de Medeiros;Universidade Federal do Rio Grande do Norte, UFRN, Brasil.;3653597363789712;Adelardo Adelino Dantas de Medeiros
2111322410973385;William Wagner Matos Lira;Universidade Federal de Alagoas, UFAL, Brasil.;2111322410973385;William Wagner Matos Lira
2360845979410206;Maria Thereza Albuquerque Barbosa Cabral Micussi;Universidade Federal do Rio Grande do Norte, UFRN, Brasil.;2360845979410206;Maria Thereza Albuquerque Barbosa Cabral Micussi
7353332474621022;Angelo Roncalli Oliveira Guerra;Universidade Federal do Rio Grande do Norte, UFRN, Brasil.;7353332474621022;Angelo Roncalli Oliveira Guerra
5138573547628244;Erika Baptista Gomes;Universidade Católica de Brasília, UCB/DF, Brasil.;325284170759081;Érika Baptista Gomes
8670475877813913;Aquiles Medeiros Filgueira Burlamaqui;Universidade Federal do Rio Grande do Norte, UFRN, Brasil.;8670475877813913;Aquiles Medeiros Filgueira Burlamaqui
5136217690821399;Maria Carolina Garcia;Universidade de São Paulo, USP, Brasil.;5136217690821399;Maria Carolina Garcia
4448540530244733;Bruno Richard Schulze;Universidade Federal do Paraná, UFPR, Brasil.;3620084512865554;Bruno Schulze
7711160989704684;Gustavo de Azevedo Carvalho;Universidade Católica de Brasília, UCB/DF, Brasil.;3894563475713933;Gustavo Azevedo Carvalho
2974468153414981;José Luís Farinatti Aymone;Universidade Federal do Rio Grande do Sul, UFRGS, Brasil.;2974468153414981;José Luís Farinatti Aymone
2917658715637353;Paula Regina Mendes da Silva Serrão;Universidade Federal de São Carlos, UFSCAR, Brasil.;7956240423716068;Paula Regina Mendes da Silva Serrão
8984247070352397;Eleani Maria da Costa;Pontifícia Universidade Católica do Rio Grande do Sul, PUCRS, Brasil.;8984247070352397;Eleani Maria da Costa
7423190778887548;Bruno Jareta de Oliveira;Faculdades Integradas de Bauru, FIB, Brasil.;7423190778887548;Bruno Jareta de Oliveira
8294278718542621;Marcelle de Sa Guimarães;Universidade Federal Fluminense, UFF, Brasil.;8294278718542621;Marcelle de Sa Guimarães
6448889980942931;Ana Clara Mourao Moura;Universidade Federal de Minas Gerais, UFMG, Brasil.;6448889980942931;Ana Clara Mourao Moura
5094140362201357;Franciele Marques Vanderlei;Universidade Estadual Paulista Júlio de Mesquita Filho, UNESP, Brasil.;5094140362201357;Franciele Marques Vanderlei
6453730824686103;Neusa Mariza Leite Rodrigues Felix;Universidade do Oeste de Santa Catarina, UNOESC, Brasil.;6453730824686103;Neusa Mariza Leite Rodrigues Felix
9314966879265748;Nildo Manoel da Silva Ribeiro;Universidade Federal da Bahia, UFBA, Brasil.;4256854832262700;Nildo Ribeiro
0405763452702878;Aurelio Antonio Mendes Nogueira;Universidade Federal do Rio de Janeiro, UFRJ, Brasil.;405763452702878;Aurelio Antonio Mendes Nogueira
3944886219254894;Elisiane Crestani de Miranda Gonsalez;Universidade Federal de São Paulo, UNIFESP, Brasil.;3944886219254894;Elisiane Crestani de Miranda Gonsalez
7155249367394645;Carlos Bandeira de Mello Monteiro;Universidade de São Paulo, USP, Brasil.;6816358342777216;Carlos Bandeira de Mello Monteiro
4080085921666959;Flávia Roberta Faganello Navega;Universidade Estadual Paulista Júlio de Mesquita Filho, UNESP, Brasil.;4080085921666959;Flávia Roberta Faganello Navega
3302431723262783;Fabiana Fiorezi de Marco;Universidade Federal de Uberlândia, UFU, Brasil.;8894421674850543;Fabiana Fiorezi de Marco
4203796463405720;Antonio Fernando Catelli Infantosi;Coordenação dos Programas de Pós Graduação de Engenharia, COPPE, Brasil.;2417304816874825;Antonio Fernando Catelli Infantosi
3996072254298525;Luiz Antonio Luzio Coelho;Pontifícia Universidade Católica do Rio de Janeiro, PUC-Rio, Brasil.;3996072254298525;Luiz Antonio Luzio Coelho
8984999624053884;Regina de Oliveira Heidrich;Universidade Feevale, FEEVALE, Brasil.;8984999624053884;Regina de Oliveira Heidrich
3530349002004775;Sergio Antunes de Almeida;Centro Universitário Filadélfia, UNIFIL, Brasil.;3530349002004775;Sergio Antunes de Almeida
2339773434595512;Isaura da Cunha Seppi;Centro Universitário Senac, SENAC/SP, Brasil.;8901320181295016;Isaura da Cunha Seppi
9919663948518178;Victor Hugo do Vale Bastos;Universidade Federal do Piauí, UFPI, Brasil.;9919663948518178;Victor Hugo do Vale Bastos
0129810966268826;Suzete Venturelli;Universidade de Brasília, UnB, Brasil.;129810966268826;Suzete Venturelli
3653836933415249;Renato de Souza Melo;Faculdade de Tecnologia de Curitiba, FATEC - PR, Brasil.;3653836933415249;Renato de Souza Melo
1101332313551029;Marcelo Alves de Barros;Universidade Federal de Campina Grande, UFCG, Brasil.;5254054475798355;Marcelo Alves de Barros
8012781178161885;Claudia Santos Oliveira;Universidade Nove de Julho, UNINOVE, Brasil.;8012781178161885;Claudia Santos Oliveira
8800859024101679;Silvia Silva da Costa Botelho;Universidade Federal do Rio Grande, FURG, Brasil.;6965119196945931;Silvia Silva da Costa Botelho
4357223967149299;Lourdiane Gontijo das Mercês Gonzaga;Centro Federal de Educação Tecnológica de Minas Gerais, CEFET/MG, Brasil.;4357223967149299;Lourdiane Gontijo das Mercês Gonzaga
0618657760457327;Christianne Soares Falcão;UniFBV Wyden, UNIFBV, Brasil.;618657760457327;Christianne Soares Falcão
6390292091555299;Maria Elisa Pimentel Piemonte;Universidade de São Paulo, USP, Brasil.;3074180949976799;Maria Elisa Pimentel Piemonte
3074180949976799;Matheus Silva d'Alencar;Universidade Estadual do Sudoeste da Bahia, UESB, Brasil.;3074180949976799;Matheus Silva d'Alencar
4119162366965074;Rodrigo Santiago Barbosa Rocha;Universidade do Estado do Pará, UEPA, Brasil.;4119162366965074;Rodrigo Santiago Barbosa Rocha
8623118472645092;Robson Cavalcanti Lins;Universidade Católica de Pernambuco, UNICAP, Brasil.;8623118472645092;Robson Cavalcanti Lins
9671955058119882;Linamara Rizzo Battistella;Pontifícia Universidade Católica de São Paulo, PUC/SP, Brasil.;9671955058119882;Linamara Rizzo Battistella
9404581635835762;Chao Lung Wen;Faculdade de Medicina da USP, FMUSP, Brasil.;9671955058119882;Chao Lung Wen
4328171670881440;Noélle de Oliveira Freitas;Universidade de São Paulo, USP, Brasil.;4328171670881440;Noélle de Oliveira Freitas
7699007812483790;Daniela Godoi Jacomassi;Universidade Federal de São Carlos, UFSCAR, Brasil.;7699007812483790;Daniela Godoi Jacomassi
4274129560250050;Mauricio Jamami;Universidade Federal de São Carlos, UFSCAR, Brasil.;6097087590703304;Mauricio Jamami
9233721956392610;Dariel de Carvalho;Centro Universitário Sagrado Coração, UNISAGRADO, Brasil.;9233721956392610;Dariel de Carvalho
2658215800224401;Walderi Monteiro da Silva Júnior;Universidade Federal de Sergipe, UFS, Brasil.;2658215800224401;Walderi Monteiro da Silva Júnior
6583995948000666;Claudio Fernando Andre;Pontifícia Universidade Católica de São Paulo, PUC/SP, Brasil.;6583995948000666;Claudio Fernando Andre
6964518972629491;Ana Paula Espindula;Associação de Pais e Amigos dos Excepcionais - Uberaba-MG, APAE, Brasil.;6964518972629491;Ana Paula Espindula
3666476073749268;Carlos Ugrinowitsch;Universidade de São Paulo, USP, Brasil.;4383482425944424;Carlos Ugrinowitsch
9876878380575511;Daniel Scherer;Universidade Estadual da Paraíba, UEPB, Brasil.;9876878380575511;Daniel Scherer
4777298613817310;Marlise Geller;Universidade Luterana do Brasil, ULBRA, Brasil.;107727024654188;Marlise Geller
2540729402102453;Wender Faleiro;Universidade Federal de Catalão, UFCAT, Brasil.;2540729402102453;Wender Faleiro
4972990664761941;Iracema Serrat Vergotti Ferrigno;Universidade Federal de São Carlos, UFSCAR, Brasil.;3235552225620976;Iracema Serrat Vergotti Ferrigno
0416601437290797;Marta Rosecler Bez;Centro Universitário Feevale, FEEVALE, Brasil.;416601437290797;Marta Rosecler Bez
8068391785334566;Rodrigo Daminello Raimundo;Faculdade de Medicina do ABC, FMABC, Brasil.;8068391785334566;Rodrigo Daminello Raimundo
7371696651698143;Thaíse Kelly de Lima Costa;Universidade Federal da Paraíba, UFPB, Brasil.;7371696651698143;Thaíse Kelly de Lima Costa
3068252812902262;William Robson Cordeiro Silva;Fundação de Apoio à Pesquisa do Estado do Rio Grande do Norte, FAPERN, Brasil.;3068252812902262;William Robson Cordeiro Silva
5640661336499240;Viviane Suzey Gomes de Melo;Universidade Federal de Santa Maria, UFSM, Brasil.;5640661336499240;Viviane Suzey Gomes de Melo
3584861614841162;Silas Evandro Nachif Fernandes;Centro Universitário Sagrado Coração, UNISAGRADO, Brasil.;3584861614841162;Silas Evandro Nachif Fernandes
3326184726476427;Simone Helena Tanoue Vizioli;Instituto de Arquitetura e Urbanismo de São Carlos, IAU USP, Brasil.;3326184726476427;Simone Helena Tanoue Vizioli
8374444110347392;Anthony Jose da Cunha Carneiro Lins;Universidade Católica de Pernambuco, UNICAP, Brasil.;8374444110347392;Anthony Jose da Cunha Carneiro Lins
1321820478036793;Gilson Alexandre Ostwald Pedro da Costa;Universidade do Estado do Rio de Janeiro, UERJ, Brasil.;1829333800490851;Gilson Alexandre Ostwald Pedro da Costa
6996687730224144;Alexandre Balbinot;Universidade Federal do Rio Grande do Sul, UFRGS, Brasil.;6996687730224144;Alexandre Balbinot
7547226068281112;Christiane Lanatovitz Prado Medeiros;Universidade de Araraquara, UNIARA, Brasil.;7547226068281112;Christiane Lanatovitz Prado Medeiros
2405356819478086;Luciana Mara Monti Fonseca;Universidade de São Paulo, USP, Brasil.;9899991569065175;Luciana Mara Monti Fonseca
0778199387503922;Paula Carolei;Universidade Federal de São Paulo, UNIFESP, Brasil.;778199387503922;Paula Carolei
4050543429604952;Amadeu Sá de Campos Filho;Universidade Federal de Pernambuco, UFPE, Brasil.;4050543429604952;Amadeu Sá de Campos Filho
8064558616443413;Patricia Cristiane de Souza;Universidade Federal de Mato Grosso, UFMT, Brasil.;8434103815800687;Patrícia Cristiane Souza
1505400360366643;Ernesto Chaves Pereira de Souza;Universidade Federal de São Carlos, UFSCAR, Brasil.;1505400360366643;Ernesto Chaves Pereira de Souza
9072314472807846;Manuel Antônio de Castro;Universidade Federal do Rio de Janeiro, UFRJ, Brasil.;9072314472807846;Manuel Antônio de Castro
2682764296612645;Carlos Magno de Lima;Universidade Federal do Rio Grande do Norte, UFRN, Brasil.;2682764296612645;Carlos Magno de Lima
4075386143208520;Carlos Eduardo Verzola Vaz;Universidade Federal de Santa Catarina, UFSC, Brasil.;4075386143208520;Carlos Eduardo Verzola Vaz
5399173621955960;Andre Fernandes da Paz;Universidade Federal do Estado do Rio de Janeiro, UNIRIO, Brasil.;5399173621955960;Andre Fernandes da Paz
3355141192938134;Theophilos Rifiotis;Universidade Federal de Santa Catarina, UFSC, Brasil.;9310055597414010;Theophilos Rifiotis
6227453953185916;Manuel Rangel Borges Neto;Instituto Federal do Sertão Pernambucano, IF-Sertão PE, Brasil.;6227453953185916;Manuel Rangel Borges Neto
1765721612533942;Marcos Cordeiro d'Ornellas;Universidade Federal de Santa Maria, UFSM, Brasil.;1765721612533942;Marcos Cordeiro d'Ornellas
6732555323294000;Roberto Spinola Barbosa;Universidade de São Paulo, USP, Brasil.;6732555323294000;Roberto Spinola Barbosa
1661191463311603;Joana Siqueira de Souza;Universidade Federal do Rio Grande do Sul, UFRGS, Brasil.;1661191463311603;Joana Siqueira de Souza
0952274679830204;Jurandyr Carneiro Nobre de Lacerda Neto;Instituto Federal de São Paulo, IFSP, Brasil.;952274679830204;Jurandyr Carneiro Nobre de Lacerda Neto
4264779393413998;Fernanda dos Santos Nogueira de Góes;Universidade de São Paulo, USP, Brasil.;4264779393413998;Fernanda dos Santos Nogueira de Góes
9364060009059018;Maria Isabel D Agostino Fleming;Museu de Arqueologia e Etnologia, MAE-USP, Brasil.;9364060009059018;Maria Isabel D Agostino Fleming
7162526941927803;James Rogado;Universidade Federal do Triângulo Mineiro, UFTM, Brasil.;7162526941927803;James Rogado
4175589263683027;Jorge Lopes Cavalcante Neto;Universidade Federal de São Carlos, UFSCAR, Brasil.;4175589263683027;Jorge Lopes Cavalcante Neto
1965309200847602;Willi de Barros Gonçalves;Universidade Federal de Minas Gerais, UFMG, Brasil.;1965309200847602;Willi de Barros Gonçalves
3907378784787581;Adriana Garcia Gonçalves;Universidade Federal de São Carlos, UFSCAR, Brasil.;3907378784787581;Adriana Garcia Gonçalves
2774615732286626;Gustavo de Oliveira Figueiredo;Universidade Federal do Rio de Janeiro, UFRJ, Brasil.;2774615732286626;Gustavo de Oliveira Figueiredo
1717761715252343;Margarete Axt;Universidade Federal do Rio Grande do Sul, UFRGS, Brasil.;1717761715252343;Margarete Axt
6150257777791594;Vanina Papini Góes Teixeira;Universidade Estadual de Ciências da Saúde de Alagoas, UNCISAL, Brasil.;6150257777791594;Vanina Papini Góes Teixeira
2583254908990488;Fernando de Telma Abdalla de Oliveira Cardoso Lemos;Universidade Federal do Vale do São Francisco, UNIVASF, Brasil.;2583254908990488;Fernando de Aguiar Lemos
3551273215361512;Letícia Fraga Matos Campos de Aquino;Prefeitura da Cidade do Rio de Janeiro, PM/RJ, Brasil.;683836610965593;Letícia Aquino
7180951922379856;Juliana Silva Herbert;Fundação Universidade Federal de Ciências da Saúde de Porto Alegre, UFCSPA, Brasil.;7221692456270122;Juliana Silva Herbert
0502041744618086;Ricardo Esteves Kneipp;Instituto Federal de Educação, Ciência e Tecnologia do Rio de Janeiro, IFRJ, Brasil.;502041744618086;Ricardo Esteves Kneipp
1331182190350647;Ivani Lúcia Oliveira de Santana;Universidade Federal do Rio de Janeiro, UFRJ, Brasil.;1331182190350647;Ivani Lúcia Oliveira de Santana
9812601801979283;Josiane Caetano Dragunski;Universidade Estadual do Oeste do Paraná, UNIOESTE, Brasil.;9812601801979283;Josiane Caetano Dragunski
8594325955153756;Jacir Luiz Bordim;Universidade de Brasília, UnB, Brasil.;8594325955153756;Jacir Luiz Bordim
8068674011748482;Luiz Alencar Reis da Silva Mello;Pontifícia Universidade Católica do Rio de Janeiro, PUC-Rio, Brasil.;3140652045392909;Luiz Alencar Reis da Silva Mello
6358312955522220;Vicente Angelo de Sousa Junior;Universidade Federal do Rio Grande do Norte, UFRN, Brasil.;6358312955522220;Vicente Angelo de Sousa Junior
3061595319558530;Christian Rodolfo Esteve Rothenberg;Universidade Estadual de Campinas, UNICAMP, Brasil.;1870389730408675;Christian Esteve Rothenberg
1703406475581759;Arismar Cerqueira Sodré Junior;Instituto Nacional de Telecomunicações, INATEL, Brasil.;7146743799532788;Arismar Cerqueira Sodré Júnior
6544098578171957;Priscila América Solís Mendez Barreto;Universidade de Brasília, UnB, Brasil.;4932411097202754;Priscila América Solís Mendez Barreto
6428800770934048;Rafael Pasquini;Universidade Federal de Uberlândia, UFU, Brasil.;6428800770934048;Rafael Pasquini
944963449027456;Ruan Delgado Gomes;Instituto Federal de Educação, Ciência e Tecnologia da Paraíba - IFPB, IFPB, Brasil.;944963449027456;Ruan Delgado Gomes
9200464668550566;Edmar Candeia Gurjão;Instituto Avançado de Tecnologia e Inovação - IATI, IATI, Brasil.;944963449027456;Edmar Candeia Gurjão
549389076806391;Miércio Cardoso de Alcântara Neto;Universidade Federal do Pará, UFPA, Brasil.;549389076806391;Miércio Cardoso de Alcântara Neto
9758585938727609;Fabricio Jose Brito Barros;Universidade Federal do Pará, UFPA, Brasil.;549389076806391;Fabrício José Brito Barros
7234583758071194;José Paes de Oliveira Filho;Universidade Estadual Paulista Júlio de Mesquita Filho, UNESP, Brasil.;7234583758071194;José Paes de Oliveira Filho
7916375574050821;Cintya Wink de Oliveira Benedito;Universidade Estadual de Campinas, UNICAMP, Brasil.;7916375574050821;Cintya Wink de Oliveira Benedito
1101383196957378;Paulo Ditarso Maciel Júnior;Instituto Federal de Educação, Ciência e Tecnologia da Paraíba - IFPB, IFPB, Brasil.;1101383196957378;Paulo Ditarso Maciel Júnior
8709809037223235;Taufik Abrão;Universidade Estadual de Londrina, UEL, Brasil.;539500854426508;Abrão, Taufik
7710354723027448;Esther Majerowicz Gouveia;Universidade Federal do Rio Grande do Norte, UFRN, Brasil.;7710354723027448;Esther Majerowicz Gouveia
7399179037419892;Yuri Carvalho Barbosa Silva;Universidade Federal do Ceará, UFC, Brasil.;7399179037419892;Yuri Carvalho Barbosa Silva
5359073935110357;Francisco Rodrigo Porto Cavalcanti;Universidade Federal do Ceará, UFC, Brasil.;7399179037419892;Francisco Rodrigo Porto Cavalcanti
1183830514857314;André Lima Férrer de Almeida;Universidade Federal do Ceará, UFC, Brasil.;7399179037419892;André Lima Férrer de Almeida
8664169441117482;Kelvin Lopes Dias;Universidade Federal de Pernambuco, UFPE, Brasil.;8664169441117482;Kelvin Lopes Dias
5198880627063850;Daniela Estelita Goes Trigueros;Universidade Estadual do Oeste do Paraná, UNIOESTE, Brasil.;1791514358821528;Trigueros, Daniela E.G.
3358435384188023;Maria Valéria Marquezini;Universidade Paulista, UNIP, Brasil.;8587567074814594;Maria Valeria Marquezini
2055476391340850;Tarcisio Ferreira Maciel;Universidade Federal do Ceará, UFC, Brasil.;2055476391340850;Tarcisio Ferreira Maciel
3672870581352292;Hugerles Sales Silva;Universidade de Brasília, UnB, Brasil.;3672870581352292;Hugerles Sales Silva
507944343674734;Diego Lisboa Cardoso;Universidade Federal do Pará, UFPA, Brasil.;507944343674734;Diego Lisboa Cardoso
6825512654223870;Richard Demo Souza;Universidade Federal de Santa Catarina, UFSC, Brasil.;6825512654223870;Richard Demo Souza
1596629769697284;Aldebaro Barreto da Rocha Klautau Júnior;Universidade Federal do Pará, UFPA, Brasil.;1596629769697284;Aldebaro Barreto da Rocha Klautau Júnior
8758395845049687;Daniel Fernandes Macedo;Universidade Federal de Minas Gerais, UFMG, Brasil.;8758395845049687;Daniel Fernandes Macedo
2039871642254009;Zattar;Universidade Federal de Mato Grosso, UFMT, Brasil.;2039871642254009;Zattar
7955837132687218;Jose Marcos Silva Nogueira;Universidade Federal de Minas Gerais, UFMG, Brasil.;7955837132687218;Jose Marcos Silva Nogueira
4864692688677667;Ana Paula Salles Moura Fernandes;Universidade Federal de Minas Gerais, UFMG, Brasil.;5384555860195426;Ana Paula Salles Moura Fernandes
5041048659000127;Waslon Terllizzie Araújo Lopes;Universidade Federal da Paraíba, UFPB, Brasil.;1934903225521860;Waslon Terllizzie Araújo Lopes
9858319665065036;Juliano Araujo Wickboldt;Universidade Federal do Rio Grande do Sul, UFRGS, Brasil.;9858319665065036;Juliano Araujo Wickboldt
1467664612924239;Augusto José Venâncio Neto;Universidade Federal do Rio Grande do Norte, UFRN, Brasil.;2426252396325481;Augusto José Venâncio Neto
5464351563900900;Elias Procópio Duarte Júnior;Universidade Federal do Paraná, UFPR, Brasil.;8204869834246714;Elias P. Duarte Jr.
3342039322796173;Thamyris da Silva Evangelista;Universidade Federal do Sul e Sudeste do Pará, UNIFESSPA, Brasil.;3342039322796173;Thamyris da Silva Evangelista
2787725227134746;Marcelo Gonçalves Rubinstein;Universidade do Estado do Rio de Janeiro, UERJ, Brasil.;2787725227134746;Marcelo Gonçalves Rubinstein
1426401706315442;Otto Carlos Muniz Bandeira Duarte;Universidade Federal do Rio de Janeiro, UFRJ, Brasil.;2787725227134746;Otto Carlos Muniz Bandeira Duarte
51460077973814;Yona Lopes;Universidade Federal Fluminense, UFF, Brasil.;4205779497458915;Yona Lopes
4983411711055340;Francisco Rafael Marques Lima;Universidade Federal do Ceará, UFC, Brasil.;4983411711055340;Francisco Rafael Marques Lima
4827519792214924;Moacyr Martucci Junior;Universidade de São Paulo, USP, Brasil.;4827519792214924;Moacyr Martucci Junior
1403715441701958;Alfredo Gomes Neto;Instituto Federal de Educação, Ciência e Tecnologia da Paraíba - IFPB, IFPB, Brasil.;1403715441701958;Alfredo Gomes Neto
329075888279673;Leonardo Didier Coelho;Universidade Federal de Pernambuco, UFPE, Brasil.;1322699438617278;Leonardo Didier Coelho
9439858291700830;Angelo Perkusich;Universidade Federal de Campina Grande, UFCG, Brasil.;9200464668550566;PERKUSICH, ANGELO
9622051867672434;Joao Crisóstomo Weyl Albuquerque Costa;Universidade Federal do Pará, UFPA, Brasil.;1972007941497086;João Crisóstomo Weyl Albuquerque Costa
268732896111424;Kleber Vieira Cardoso;Universidade Federal de Goiás, UFG, Brasil.;268732896111424;Kleber Vieira Cardoso
8886634592087842;Antonio Alfredo Ferreira Loureiro;Universidade Federal de Minas Gerais, UFMG, Brasil.;268732896111424;Antonio Alfredo Ferreira Loureiro
2247619809331876;André Augusto Mariano;Universidade Federal do Paraná, UFPR, Brasil.;2247619809331876;André Augusto Mariano
4263720213605827;Marcia Teresinha Veit;Universidade Estadual do Oeste do Paraná, UNIOESTE, Brasil.;4263720213605827;Marcia Teresinha Veit
8587567074814594;Tereza Cristina Melo de Brito Carvalho;Universidade de São Paulo, USP, Brasil.;3190608911887258;Tereza Cristina Melo de Brito Carvalho
3190608911887258;Flávio de Oliveira Silva;Universidade Federal de Uberlândia, UFU, Brasil.;3190608911887258;Flávio de Oliveira Silva
5335075258111851;Raimundo Sampaio Neto;Pontifícia Universidade Católica do Rio de Janeiro, PUC-Rio, Brasil.;988752099361706;RAIMUNDO SAMPAIO-NETO
5988817460788034;Alexandre Jean René Serres;Universidade Federal de Campina Grande, UFCG, Brasil.;5988817460788034;Alexandre Jean René Serres
9683910365008491;Ari Timerman;Instituto Dante Pazzanese de Cardiologia, IDPC, Brasil.;3166552559200081;Ari Timerman
3776300004312848;Djamel Fawzi Hadj Sadok;Conselho Nacional de Desenvolvimento Científico e Tecnológico, CNPq, Brasil.;3776300004312848;Djamel Fawzi Hadj Sadok
7227781646829609;Paulo Cardieri;Universidade Estadual de Campinas, UNICAMP, Brasil.;7227781646829609;Paulo Cardieri
350208006499503;Fátima de Lima Procópio Duarte Figueiredo;Pontifícia Universidade Católica de Minas Gerais, PUC Minas, Brasil.;350208006499503;Fátima de Lima Procópio Duarte Figueiredo
253528642320831;Ariana Maria da Conceicao Lacorte Caniato Serrano;Universidade de São Paulo, USP, Brasil.;253528642320831;Ariana Maria da Conceicao Lacorte Caniato Serrano
920629723928382;Flávio Henrique Teles Vieira;Universidade Federal de Goiás, UFG, Brasil.;8216536516894987;Flávio Henrique Teles Vieira
9119890339398363;Luciano Leonel Mendes;Instituto Nacional de Telecomunicações, INATEL, Brasil.;9119890339398363;Luciano Leonel Mendes
6475399824392517;Fabiano Brito dos Santos;Instituto Federal da Bahia, IFBA, Brasil.;6475399824392517;Fabiano Brito dos Santos
1991495643298837;Pedro Carlos de Assis Júnior;Universidade Estadual da Paraíba, UEPB, Brasil.;1991495643298837;Pedro Carlos de Assis Júnior
7221501929005386;Leandro Ronchini Ximenes;Universidade Estadual de Campinas, UNICAMP, Brasil.;7221501929005386;Leandro Ronchini Ximenes
9745937989094036;Carmelo Jose Albanez Bastos Filho;Fundação de Amparo à Ciência e Tecnologia do Estado de Pernambuco, FACEPE, Brasil.;9745937989094036;Carmelo Jose Albanez Bastos Filho
739489284822297;Carlos Henrique Rodrigues de Oliveira;Fundação Centro de Pesquisa e Desenvolvimento em Telecomunicações, CPqD, Brasil.;739489284822297;Carlos Henrique Rodrigues de Oliveira
9594450995231533;Raphael Carlos Santos Machado;Universidade Federal Fluminense, UFF, Brasil.;7024103923181043;Raphael Carlos Santos Machado
8347190422243353;Glauber Gomes de Oliveira Brante;Universidade Tecnológica Federal do Paraná, UTFPR, Brasil.;8347190422243353;Glauber Gomes de Oliveira Brante
4333596254925501;Daniel Costa Araújo;Centro Universitário Christus, UNICHRISTUS, Brasil.;4333596254925501;Daniel Costa Araújo
1028151705135221;Eduardo Coelho Cerqueira;Universidade do Vale do Rio dos Sinos, UNISINOS, Brasil.;1028151705135221;Eduardo Coelho Cerqueira
2934786440085983;Daniel Macêdo Batista;Universidade de São Paulo, USP, Brasil.;2934786440085983;Daniel Macêdo Batista
4578693731159389;José Antonio Apolinário Junior;Instituto Militar de Engenharia, IME, Brasil.;5556212442729541;José Antonio Apolinário Jr.
5848666747964196;Eduardo Goncalves de Lima;Universidade Federal do Paraná, UFPR, Brasil.;5848666747964196;Eduardo Goncalves de Lima
5583470206347446;Flávio Geraldo Coelho Rocha;Universidade Federal de Goiás, UFG, Brasil.;3333000136853156;Flávio Geraldo Coelho Rocha
6070243976579939;Mateus Augusto Silva Santos;Ericsson Telecomunicações - Matriz, ERICSSON, Brasil.;6070243976579939;Mateus Augusto Silva Santos
830785546690504;Elder Eldervitch Carneiro de Oliveira;Universidade Estadual da Paraíba, UEPB, Brasil.;830785546690504;Elder Eldervitch Carneiro de Oliveira
7812468603653799;Alexandre César Cunha Leite;Universidade Estadual da Paraíba, UEPB, Brasil.;7812468603653799;Alexandre César Cunha Leite
1304174767727101;Paulo de Figueiredo Pires;Universidade Federal Fluminense, UFF, Brasil.;6080740001190093;Paulo de Figueiredo Pires
8623512462352869;Antônio Marcos Alberti;Instituto Nacional de Telecomunicações, INATEL, Brasil.;8623512462352869;Antônio Marcos Alberti
9918084903487901;Pedro Yahico Ramos Suzaki;Universidade Tecnológica Federal do Paraná, UTFPR, Brasil.;9918084903487901;Pedro Yahico Ramos Suzaki
2708354422178489;Danilo Ricardo Barbosa de Araújo;Universidade Federal Rural de Pernambuco, UFRPE, Brasil.;2708354422178489;Danilo Ricardo Barbosa de Araújo
7816511618426042;Diego Leonel Cadette Dutra;Universidade Federal do Rio de Janeiro, UFRJ, Brasil.;7816511618426042;Diego Leonel Cadette Dutra
7496488371034060;Adao Boava;Universidade Federal de Santa Catarina, UFSC, Brasil.;7496488371034060;Adao Boava
8588117212005149;José Ferreira de Rezende;Universidade Federal do Rio de Janeiro, UFRJ, Brasil.;8020803376969953;José Ferreira de Rezende
1521079293982268;Fabricio de Souza Farias;Universidade Federal do Pará, UFPA, Brasil.;1521079293982268;Fabricio de Souza Farias
2204147669620762;Gustavo Bittencourt Figueiredo;Universidade Federal da Bahia, UFBA, Brasil.;2204147669620762;Gustavo Bittencourt Figueiredo
370383210890132;Jose Marcos Camara Brito;Instituto Nacional de Telecomunicações, INATEL, Brasil.;6491115423480602;Jose Marcos Câmara Brito
1853488415531363;Laércio Martins de Mendonça;Universidade Federal do Rio Grande do Norte, UFRN, Brasil.;1853488415531363;Laércio Martins de Mendonça
8701122785988842;Ugo Silva Dias;Universidade de Brasília, UnB, Brasil.;8701122785988842;Ugo Silva Dias
8029022476354938;Marcio Andre Rodrigues Cavalcanti de Alencar;Universidade Federal de Sergipe, UFS, Brasil.;8029022476354938;Marcio Andre Rodrigues Cavalcanti de Alencar
6177045546956476;Diogo Menezes Ferrazani Mattos;Universidade Federal Fluminense, UFF, Brasil.;6177045546956476;Diogo Menezes Ferrazani Mattos
239752189917951;Silvania Lanfredi;Universidade Estadual Paulista Júlio de Mesquita Filho, UNESP, Brasil.;239752189917951;Silvania Lanfredi
2658002010026792;Cristiano Bonato Both;Universidade do Vale do Rio dos Sinos, UNISINOS, Brasil.;2658002010026792;Cristiano Bonato Both
3977760354511853;Augusto Cezar Alves Sampaio;Universidade Federal de Pernambuco, UFPE, Brasil.;3977760354511853;Augusto Cezar Alves Sampaio
6392597835724138;Fabricia Carneiro Roos Frantz;Universidade Regional do Noroeste do Estado do Rio Grande do Sul, UNIJUI, Brasil.;6392597835724138;Fabricia Carneiro Roos Frantz
2212288622038633;Patrícia Vilain;Universidade Federal de Santa Catarina, UFSC, Brasil.;2212288622038633;Patrícia Vilain
1246085373474860;Katyusco de Farias Santos;Instituto Federal de Educação, Ciência e Tecnologia da Paraíba - IFPB, IFPB, Brasil.;1246085373474860;Katyusco de Farias Santos
6653688230110966;Fábio Paulo Basso;Universidade Federal do Pampa, UNIPAMPA, Brasil.;6653688230110966;Fábio Paulo Basso
